"","district_reporting","total_settlements","school_attend_boys_perc","school_attend_girls_perc","no_edu_children_perc","children_removed_perc","no_edu_children","school_not_attend_boys","school_not_attend_girls","children_removed","htr_eie_score","htr_eie_rank","htr_eie_rank_high","protect_incident_extreme_perc","protect_incident_severe_perc","gbv_incidents_perc","phys_injury_perc","no_tazkira_perc","explosive_extreme_perc","explosive_severe_perc","explosive_stress_perc","safety_rating_perc","protect_incident_extreme","protect_incident_severe","gbv_incidents","phys_injury","no_tazkira","explosive_extreme","explosive_severe","explosive_stress","safety_rating","htr_prot_score","htr_prot_rank","htr_prot_rank_high","nutrition_no_access_perc","malnut_extreme_perc","malnut_severe_perc","malnut_stress_perc","nutrition_no_access","malnut_extreme","malnut_severe","malnut_stress","malnutrition_score","htr_nut_score","htr_nut_rank","htr_nut_rank_high","unprotect_water_extreme_perc.x","unprotect_water_severe_perc.x","waste_disposal_severe_perc.x","water_no_access_perc.x","soap_access_perc.x","unprotect_water_extreme.x","unprotect_water_severe.x","waste_disposal_severe.x","water_no_access.x","soap_access.x","htr_wash_score.x","htr_wash_rank.x","htr_wash_high.x","hunger_extreme_perc","hunger_severe_perc","borrow_extreme_perc","borrow_severe_perc","reduced_food_extreme_perc","reduced_food_severe_perc","livestock_impact_extreme_perc","livestock_impact_severe_perc","ag_impact_extreme_perc","ag_impact_severe_perc","hunger_extreme","hunger_severe","borrow_extreme","borrow_severe","reduced_food_extreme","reduced_food_severe","livestock_impact_extreme","livestock_impact_severe","ag_impact_extreme","ag_impact_severe","htr_fsa_score","htr_fsa_rank","htr_fsa_rank_high","unprotect_water_extreme_perc.y","unprotect_water_severe_perc.y","waste_disposal_severe_perc.y","water_no_access_perc.y","soap_access_perc.y","unprotect_water_extreme.y","unprotect_water_severe.y","waste_disposal_severe.y","water_no_access.y","soap_access.y","htr_wash_score.y","htr_wash_rank.y","htr_wash_high.y","shelter_type_severe_perc","no_shelter_open_perc","shelter_destroyed_extreme_perc","shelter_destroyed_severe_perc","nfi_market_perc","shelter_type_severe","no_shelter_open","shelter_destroyed_extreme","shelter_destroyed_severe","nfi_market","htr_esnfi_score","htr_esnfi_rank","htr_esnfi_rank_high","more_people_died_perc","health_functioning_access_perc","health_closed_perc","birth_hospital_perc","health_prio_perc","more_people_died","health_functioning_access","health_closed","birth_hospital","health_prio","htr_health_score","htr_health_rank","htr_health_rank_high","coping_consumed_seed_perc.x","coping_beg_charity_perc.x","coping_sold_land_perc.x","coping_consumed_seed_perc.y","coping_beg_charity_perc.y","coping_sold_land_perc.y"
"1","ab_band",18,0.277777777777778,0.888888888888889,0.277777777777778,0.777777777777778,1,1,6,12,15,3,1,0.944444444444444,0.833333333333333,0.388888888888889,0.611111111111111,0.5,0.444444444444444,0.111111111111111,0.388888888888889,0.277777777777778,9,6,3,6,2,3,0,1,1,31,3,1,0.666666666666667,0,0.333333333333333,0.277777777777778,2,0,2,1,2,4,2,0,0,0.333333333333333,0.555555555555556,0,0.333333333333333,0,2,2,0,1,5,1,0,0,0.111111111111111,0,0.166666666666667,0,0.0555555555555556,0.333333333333333,0.111111111111111,0,0.111111111111111,0,0,0,0,0,0,3,0,0,0,3,1,0,0,0.333333333333333,0.555555555555556,0,0.333333333333333,0,2,2,0,1,5,1,0,0,0.166666666666667,0,0,0.555555555555556,0,0,0,0,2,2,1,0,0.388888888888889,0.333333333333333,0.5,0.222222222222222,0.333333333333333,2,1,6,0,1,10,2,0,0.555555555555556,0.333333333333333,0.722222222222222,0.555555555555556,0.333333333333333,0.722222222222222
"2","alishang",33,0,0.0909090909090909,0.0606060606060606,0.393939393939394,0,0,0,4,4,1,0,0.545454545454545,0.545454545454545,0.363636363636364,0.636363636363636,0.0303030303030303,0.181818181818182,0.181818181818182,0.181818181818182,0.212121212121212,6,4,3,6,0,0,0,0,0,19,2,0,0.848484848484849,0.212121212121212,0.393939393939394,0.393939393939394,3,0,2,1,2,5,2,0,0.181818181818182,0.181818181818182,0.96969696969697,0.0606060606060606,0,0,0,3,0,0,3,1,0,0.0606060606060606,0.242424242424242,0.181818181818182,0.545454545454545,0.0303030303030303,0.121212121212121,0.424242424242424,0.393939393939394,0.0303030303030303,0.424242424242424,0,0,0,2,0,0,3,2,0,2,9,1,0,0.181818181818182,0.181818181818182,0.96969696969697,0.0606060606060606,0,0,0,3,0,0,3,1,0,0,0.303030303030303,0,0.181818181818182,0.909090909090909,0,2,0,0,3,5,1,0,0.575757575757576,0,0.0606060606060606,0.272727272727273,0.636363636363636,4,0,0,1,2,7,2,0,0.878787878787879,0.393939393939394,0.878787878787879,0.878787878787879,0.393939393939394,0.878787878787879
"3","almar",36,0.111111111111111,0.555555555555556,0.0833333333333333,0.333333333333333,0,0,4,4,4,1,0,0.0277777777777778,0.305555555555556,0.0555555555555556,0.111111111111111,0.0833333333333333,0,0,0,0.0277777777777778,0,2,0,0,0,0,0,0,0,2,1,0,0.833333333333333,0,0.138888888888889,0.861111111111111,3,0,0,3,3,6,2,0,0.194444444444444,0.111111111111111,1,0.0555555555555556,0,0,0,3,0,0,3,1,0,0,0.111111111111111,0.138888888888889,0.638888888888889,0.0555555555555556,0.666666666666667,0,0.0555555555555556,0,0.0277777777777778,0,0,0,2,0,2,0,0,0,0,4,1,0,0.194444444444444,0.111111111111111,1,0.0555555555555556,0,0,0,3,0,0,3,1,0,0.138888888888889,0.25,0,0.138888888888889,0.888888888888889,0,2,0,0,3,5,1,0,0.0833333333333333,0.388888888888889,0.222222222222222,0.444444444444444,0.777777777777778,0,1,0,1,3,5,1,0,0.972222222222222,0.916666666666667,1,0.972222222222222,0.916666666666667,1
"4","andar",44,0.136363636363636,0.954545454545455,0.204545454545455,0.977272727272727,0,0,6,12,12,3,1,1,0.818181818181818,0.318181818181818,0.0681818181818182,0,0.204545454545455,0.204545454545455,0.0227272727272727,0.0681818181818182,9,6,3,0,0,0,0,0,0,18,2,0,0.909090909090909,0.181818181818182,0.454545454545455,0.363636363636364,3,0,2,1,2,5,2,0,0,0.0454545454545455,0.954545454545455,0.340909090909091,0,0,0,3,2,0,5,1,0,0,0.0454545454545455,0.159090909090909,0.704545454545455,0.318181818181818,0.545454545454545,0.113636363636364,0.159090909090909,0.0681818181818182,0.568181818181818,0,0,0,2,2,2,0,0,0,4,10,1,0,0,0.0454545454545455,0.954545454545455,0.340909090909091,0,0,0,3,2,0,5,1,0,0,0.795454545454545,0.0227272727272727,0.0454545454545455,0.931818181818182,0,6,0,0,3,9,2,0,0.0227272727272727,0.727272727272727,0.181818181818182,0.704545454545455,0.613636363636364,0,2,0,2,2,6,2,0,0.977272727272727,0.136363636363636,0.818181818181818,0.977272727272727,0.136363636363636,0.818181818181818
"5","andkhoy",22,0.181818181818182,0.318181818181818,0.681818181818182,0.727272727272727,2,0,2,8,10,2,0,0.0454545454545455,0.0909090909090909,0.181818181818182,0.409090909090909,0,0.0909090909090909,0.0454545454545455,0.0909090909090909,0.181818181818182,0,0,0,3,0,0,0,0,0,3,1,0,0.318181818181818,0.136363636363636,0.818181818181818,0.0454545454545455,1,0,6,0,0,1,1,0,0,0.590909090909091,0.681818181818182,0.0909090909090909,0.0454545454545455,0,4,2,0,0,6,1,0,0,0,0,0.136363636363636,0.0454545454545455,0.181818181818182,0.454545454545455,0,0.0454545454545455,0.454545454545455,0,0,0,0,0,0,3,0,0,2,5,1,0,0,0.590909090909091,0.681818181818182,0.0909090909090909,0.0454545454545455,0,4,2,0,0,6,1,0,0,0.136363636363636,0,0.272727272727273,0.772727272727273,0,0,0,2,3,5,1,0,0.181818181818182,0.181818181818182,0.0454545454545455,0.181818181818182,0.454545454545455,0,0,0,0,1,1,1,0,1,1,0.818181818181818,1,1,0.818181818181818
"6","arghandab_zabul",32,0.5625,0.78125,0.59375,0,2,2,6,0,6,2,0,0.59375,0.8125,0.15625,0,0.0625,0,0,0,0,6,6,0,0,0,0,0,0,0,12,1,0,0.90625,0,0,0.9375,3,0,0,3,3,6,2,0,0.625,0.21875,0.125,0,0.1875,6,0,0,0,0,6,1,0,0,0.09375,0.03125,0.34375,0,0.09375,0,0.09375,0,0.0625,0,0,0,1,0,0,0,0,0,0,1,1,0,0.625,0.21875,0.125,0,0.1875,6,0,0,0,0,6,1,0,0,0.03125,0,0.0625,1,0,0,0,0,3,3,1,0,0.25,0.78125,0.03125,1,0.34375,2,3,0,3,1,9,2,0,0.8125,0.53125,0.34375,0.8125,0.53125,0.34375
"7","arghestan",49,0.26530612244898,0.918367346938776,0.836734693877551,0.244897959183673,3,1,6,0,5,2,0,0.877551020408163,0.857142857142857,0.73469387755102,0.775510204081633,0.693877551020408,0.673469387755102,0.673469387755102,0.571428571428571,0.530612244897959,9,6,6,9,2,6,4,2,2,46,4,1,0.959183673469388,0.122448979591837,0.571428571428571,0.306122448979592,3,0,4,1,4,7,3,1,0.163265306122449,0.489795918367347,1,0.142857142857143,0.346938775510204,0,2,3,0,1,6,1,0,0.122448979591837,0.387755102040816,0.244897959183673,0.489795918367347,0.285714285714286,0.224489795918367,0.428571428571429,0.346938775510204,0.122448979591837,0.142857142857143,0,1,0,1,2,0,3,2,0,0,9,1,0,0.163265306122449,0.489795918367347,1,0.142857142857143,0.346938775510204,0,2,3,0,1,6,1,0,0,0.510204081632653,0,0.0612244897959184,0.836734693877551,0,4,0,0,3,7,1,0,0.530612244897959,0.918367346938776,0.0204081632653061,0.918367346938776,0.73469387755102,4,3,0,3,2,12,3,1,0.36734693877551,0.551020408163265,0.306122448979592,0.36734693877551,0.551020408163265,0.306122448979592
"8","baghlan_e_jadid",47,0.0638297872340425,0.723404255319149,0.0425531914893617,0.234042553191489,0,0,4,0,0,1,0,0.25531914893617,0.957446808510638,0.957446808510638,0.170212765957447,0,0.148936170212766,0.446808510638298,0.425531914893617,0,3,6,9,0,0,0,2,1,0,21,2,0,0.319148936170213,0,0,1,1,0,0,3,3,4,2,0,0.191489361702128,0.276595744680851,0.404255319148936,0.170212765957447,0,0,2,1,0,0,3,1,0,0,0.0212765957446809,0,0,0,0,0.191489361702128,0.361702127659574,0.0425531914893617,0,0,0,0,0,0,0,0,2,0,0,2,1,0,0.191489361702128,0.276595744680851,0.404255319148936,0.170212765957447,0,0,2,1,0,0,3,1,0,0.148936170212766,0,0,0,0.170212765957447,0,0,0,0,0,0,1,0,0.0212765957446809,0.127659574468085,0.0638297872340425,0.106382978723404,0.148936170212766,0,0,0,0,0,0,1,0,0.936170212765957,0.191489361702128,0.787234042553192,0.936170212765957,0.191489361702128,0.787234042553192
"9","baghran",38,0.894736842105263,1,0.894736842105263,0.0263157894736842,3,3,6,0,9,2,0,0.447368421052632,0.447368421052632,0.289473684210526,0.5,0.289473684210526,0,0,0,0,3,2,3,6,1,0,0,0,0,15,2,0,0.868421052631579,0.710526315789474,0.210526315789474,0.0789473684210526,3,6,0,0,6,9,3,1,0.0526315789473684,0.131578947368421,0.973684210526316,0.263157894736842,0.0789473684210526,0,0,3,2,0,5,1,0,0.0263157894736842,0.289473684210526,0.0263157894736842,0.394736842105263,0.0789473684210526,0.263157894736842,0.210526315789474,0.157894736842105,0.0526315789473684,0.157894736842105,0,1,0,1,0,1,0,0,0,0,3,1,0,0.0526315789473684,0.131578947368421,0.973684210526316,0.263157894736842,0.0789473684210526,0,0,3,2,0,5,1,0,0,0.473684210526316,0,0,0.921052631578947,0,2,0,0,3,5,1,0,0.289473684210526,0.710526315789474,0.0526315789473684,0.921052631578947,0.631578947368421,2,2,0,3,2,9,2,0,0.710526315789474,0.736842105263158,0.763157894736842,0.710526315789474,0.736842105263158,0.763157894736842
"10","bakwa",25,0.64,1,0.64,0.12,2,2,6,0,6,2,0,0.32,0.92,0,0.32,0,0,0.04,0,0.04,3,6,0,3,0,0,0,0,0,12,1,0,0.4,0.04,0.16,0.4,1,0,0,1,1,2,1,0,0,0.12,0.96,0,0.16,0,0,3,0,0,3,1,0,0,0,0,0,0,0,0,0,0,0,0,0,0,0,0,0,0,0,0,0,0,1,0,0,0.12,0.96,0,0.16,0,0,3,0,0,3,1,0,0,0,0,0,0.72,0,0,0,0,2,2,1,0,0.2,0.36,0.04,0.4,0.8,0,1,0,1,3,5,1,0,0.16,0,0.16,0.16,0,0.16
"11","bala_buluk",30,0.866666666666667,1,0.866666666666667,0.166666666666667,3,3,6,0,9,2,0,0.733333333333333,0.966666666666667,0,0.666666666666667,0,0.533333333333333,0.566666666666667,0.533333333333333,0.133333333333333,6,6,0,6,0,6,4,2,0,30,3,1,0.8,0.0333333333333333,0.0333333333333333,0.9,3,0,0,3,3,6,2,0,0.0666666666666667,0.366666666666667,1,0.0333333333333333,0.633333333333333,0,2,3,0,2,7,2,0,0,0,0.0333333333333333,0.7,0.0333333333333333,0.766666666666667,0.8,0.1,0.133333333333333,0.533333333333333,0,0,0,2,0,3,9,0,0,4,18,2,0,0.0666666666666667,0.366666666666667,1,0.0333333333333333,0.633333333333333,0,2,3,0,2,7,2,0,0,0.2,0.166666666666667,0.1,0.866666666666667,0,0,0,0,3,3,1,0,0.0333333333333333,0.666666666666667,0.3,0.766666666666667,1,0,2,3,3,3,11,2,0,1,0.233333333333333,0.966666666666667,1,0.233333333333333,0.966666666666667
"12","bala_murghab",34,0.911764705882353,1,0.911764705882353,0.117647058823529,3,3,6,0,9,2,0,0.588235294117647,0.264705882352941,0.176470588235294,0.411764705882353,0.852941176470588,0.0882352941176471,0.0882352941176471,0.0294117647058824,0.176470588235294,6,2,0,3,3,0,0,0,0,14,2,0,1,0.705882352941177,0.294117647058824,0,3,6,2,0,6,9,3,1,0.617647058823529,0.352941176470588,1,0.470588235294118,0.588235294117647,6,2,3,2,2,15,3,1,0.0294117647058824,0.970588235294118,0.529411764705882,0.382352941176471,0.0588235294117647,0.588235294117647,0.382352941176471,0.294117647058824,0.176470588235294,0.323529411764706,0,3,4,1,0,2,3,2,0,2,17,2,0,0.617647058823529,0.352941176470588,1,0.470588235294118,0.588235294117647,6,2,3,2,2,15,3,1,0.352941176470588,0.0588235294117647,0.0588235294117647,0.294117647058824,0.823529411764706,2,0,0,2,3,7,1,0,0.147058823529412,0.882352941176471,0.176470588235294,0.970588235294118,0.470588235294118,0,3,0,3,1,7,2,0,1,0.970588235294118,0.970588235294118,1,0.970588235294118,0.970588235294118
"13","bar_kunar",15,0.0666666666666667,0.0666666666666667,0.4,0,1,0,0,0,1,1,0,0.466666666666667,0.133333333333333,0.0666666666666667,0,0.2,0,0,0,0,3,0,0,0,0,0,0,0,0,3,1,0,0.6,0,0.333333333333333,0.666666666666667,2,0,2,2,2,4,2,0,0.866666666666667,0,0.266666666666667,0.866666666666667,0.133333333333333,9,0,1,6,0,16,3,1,0,0,0,0,0,0,0.133333333333333,0.2,0.0666666666666667,0,0,0,0,0,0,0,0,0,0,0,0,1,0,0.866666666666667,0,0.266666666666667,0.866666666666667,0.133333333333333,9,0,1,6,0,16,3,1,0,0,0,0,0.866666666666667,0,0,0,0,3,3,1,0,0,0.666666666666667,0,0.133333333333333,0.6,0,2,0,0,2,4,1,0,0.466666666666667,0.333333333333333,0.266666666666667,0.466666666666667,0.333333333333333,0.266666666666667
"14","barmal",34,0.911764705882353,1,0.911764705882353,0,3,3,6,0,9,2,0,0.676470588235294,0.352941176470588,0,0.352941176470588,0.117647058823529,0.0294117647058824,0,0,0.0294117647058824,6,2,0,3,0,0,0,0,0,11,1,0,0.970588235294118,0.588235294117647,0.264705882352941,0.117647058823529,3,6,2,0,6,9,3,1,0,0.294117647058824,0.941176470588235,0.0294117647058824,0.264705882352941,0,2,3,0,1,6,1,0,0.0294117647058824,0.147058823529412,0.0294117647058824,0.529411764705882,0.117647058823529,0.470588235294118,0.676470588235294,0.235294117647059,0.0882352941176471,0.352941176470588,0,0,0,2,0,1,6,0,0,2,11,1,0,0,0.294117647058824,0.941176470588235,0.0294117647058824,0.264705882352941,0,2,3,0,1,6,1,0,0.147058823529412,0.411764705882353,0.0588235294117647,0.0294117647058824,0.529411764705882,0,2,0,0,2,4,1,0,0,0.764705882352941,0.147058823529412,0.941176470588235,0.676470588235294,0,3,0,3,2,8,2,0,0.941176470588235,0.970588235294118,0.911764705882353,0.941176470588235,0.970588235294118,0.911764705882353
"15","bilcheragh",6,0,0.666666666666667,0,0.833333333333333,0,0,4,12,12,3,1,0.833333333333333,1,1,0.5,0,0.166666666666667,0.333333333333333,0.333333333333333,0.333333333333333,9,6,9,6,0,0,2,1,1,34,3,1,0.833333333333333,0.166666666666667,0.333333333333333,0.166666666666667,3,0,2,0,2,5,2,0,0.166666666666667,0.5,1,0,0.333333333333333,0,4,3,0,1,8,2,0,0,0,0,0,0,0,0,0.166666666666667,0,0,0,0,0,0,0,0,0,0,0,0,0,1,0,0.166666666666667,0.5,1,0,0.333333333333333,0,4,3,0,1,8,2,0,0.5,0,0,0.166666666666667,1,4,0,0,0,3,7,1,0,0.166666666666667,0.166666666666667,0,0.5,0.833333333333333,0,0,0,2,3,5,1,0,1,0.5,0.833333333333333,1,0.5,0.833333333333333
"16","chahar_darah",51,0.0196078431372549,0.901960784313726,0.117647058823529,0.313725490196078,0,0,6,4,4,1,0,0.0784313725490196,0.0784313725490196,0.0784313725490196,0.235294117647059,0,0.0784313725490196,0.0980392156862745,0.0784313725490196,0.0784313725490196,0,0,0,0,0,0,0,0,0,0,1,0,0.96078431372549,0,0.490196078431373,0.450980392156863,3,0,2,1,2,5,2,0,0.0784313725490196,0.588235294117647,0.941176470588235,0.411764705882353,0.274509803921569,0,4,3,2,1,10,2,0,0,0.745098039215686,0,0.686274509803922,0,0.627450980392157,0.0196078431372549,0.137254901960784,0,0.254901960784314,0,2,0,2,0,2,0,0,0,2,8,1,0,0.0784313725490196,0.588235294117647,0.941176470588235,0.411764705882353,0.274509803921569,0,4,3,2,1,10,2,0,0.0980392156862745,0.137254901960784,0.0196078431372549,0.0980392156862745,0.980392156862745,0,0,0,0,3,3,1,0,0.980392156862745,0.862745098039216,0.0980392156862745,0.764705882352941,0.803921568627451,6,3,0,3,3,15,3,1,0.980392156862745,0.843137254901961,0.764705882352941,0.980392156862745,0.843137254901961,0.764705882352941
"17","chak_e_wardak",37,0.027027027027027,0.756756756756757,0.216216216216216,0.486486486486487,0,0,6,4,4,1,0,0.72972972972973,0.810810810810811,0.567567567567568,0.567567567567568,0.027027027027027,0.324324324324324,0.378378378378378,0.135135135135135,0.810810810810811,6,6,6,6,0,3,2,0,3,32,3,1,0.594594594594595,0.459459459459459,0.027027027027027,0.486486486486487,2,3,0,1,1,3,2,0,0.108108108108108,0.0810810810810811,1,0.0810810810810811,0.027027027027027,0,0,3,0,0,3,1,0,0,0.108108108108108,0.459459459459459,0.027027027027027,0.108108108108108,0.135135135135135,0,0.594594594594595,0.0540540540540541,0.378378378378378,0,0,2,0,0,0,0,4,0,2,8,1,0,0.108108108108108,0.0810810810810811,1,0.0810810810810811,0.027027027027027,0,0,3,0,0,3,1,0,0,0.027027027027027,0,0.0810810810810811,0.540540540540541,0,0,0,0,2,2,1,0,0.486486486486487,0.108108108108108,0.675675675675676,0.540540540540541,0.837837837837838,2,0,6,2,3,13,3,1,0.243243243243243,0,0.648648648648649,0.243243243243243,0,0.648648648648649
"18","chapa_dara",23,0.260869565217391,0.478260869565217,0.391304347826087,0.173913043478261,1,1,2,0,3,1,0,0.695652173913043,0.695652173913043,0.434782608695652,0.260869565217391,0.130434782608696,0.217391304347826,0.217391304347826,0.0434782608695652,0.347826086956522,6,4,3,3,0,0,0,0,1,17,2,0,0.782608695652174,0.0869565217391304,0.217391304347826,0.695652173913043,3,0,0,2,2,5,2,0,0.304347826086957,0.130434782608696,0.956521739130435,0.0434782608695652,0.608695652173913,3,0,3,0,2,8,2,0,0,0.260869565217391,0.0869565217391304,0.478260869565217,0.0869565217391304,0.217391304347826,0.391304347826087,0.260869565217391,0.391304347826087,0.0434782608695652,0,1,0,1,0,0,3,2,3,0,10,1,0,0.304347826086957,0.130434782608696,0.956521739130435,0.0434782608695652,0.608695652173913,3,0,3,0,2,8,2,0,0.0434782608695652,0,0,0.0434782608695652,0.869565217391304,0,0,0,0,3,3,1,0,0.217391304347826,0.565217391304348,0.173913043478261,0.782608695652174,0.260869565217391,0,2,0,3,1,6,2,0,0.739130434782609,0.391304347826087,0.130434782608696,0.739130434782609,0.391304347826087,0.130434782608696
"19","chaparhar",41,0.0487804878048781,0.0731707317073171,0,0.268292682926829,0,0,0,4,4,1,0,0.560975609756098,0.365853658536585,0.292682926829268,0.219512195121951,0,0.0731707317073171,0.170731707317073,0.146341463414634,0,6,2,3,0,0,0,0,0,0,11,1,0,0.780487804878049,0.585365853658537,0.414634146341463,0,3,6,2,0,6,9,3,1,0,0.0487804878048781,1,0,0.0487804878048781,0,0,3,0,0,3,1,0,0,0,0,0.219512195121951,0,0.024390243902439,0.0487804878048781,0.121951219512195,0.24390243902439,0.51219512195122,0,0,0,0,0,0,0,0,0,4,4,1,0,0,0.0487804878048781,1,0,0.0487804878048781,0,0,3,0,0,3,1,0,0,0.219512195121951,0,0,0.878048780487805,0,0,0,0,3,3,1,0,0.024390243902439,0.0731707317073171,0.146341463414634,0.609756097560976,0.609756097560976,0,0,0,2,2,4,1,0,0.878048780487805,0.878048780487805,0.341463414634146,0.878048780487805,0.878048780487805,0.341463414634146
"20","charsadra",15,0.266666666666667,1,0.533333333333333,1,2,1,6,12,16,4,1,1,1,0.933333333333333,1,0,0.6,0.133333333333333,0,0.0666666666666667,9,6,9,9,0,6,0,0,0,39,3,1,0.933333333333333,0.133333333333333,0.866666666666667,0,3,0,6,0,0,3,2,0,0.0666666666666667,0.266666666666667,0.933333333333333,0.4,0.866666666666667,0,2,3,2,3,10,2,0,0,0.6,0,0.333333333333333,0,0.266666666666667,0.2,0.533333333333333,0,0,0,2,0,1,0,1,0,4,0,0,8,1,0,0.0666666666666667,0.266666666666667,0.933333333333333,0.4,0.866666666666667,0,2,3,2,3,10,2,0,0.666666666666667,0,0,0.6,0.933333333333333,4,0,0,4,3,11,2,0,0.733333333333333,0.733333333333333,0.0666666666666667,0.866666666666667,0.733333333333333,4,2,0,3,2,11,2,0,0.466666666666667,1,1,0.466666666666667,1,1
"21","chinarto",17,0.882352941176471,1,0.882352941176471,0.882352941176471,3,3,6,12,21,4,1,1,1,1,1,0.0588235294117647,0.941176470588235,0.882352941176471,1,0.352941176470588,9,6,9,9,0,9,6,3,1,52,4,1,1,0.0588235294117647,0.352941176470588,0.588235294117647,3,0,2,2,2,5,2,0,0.470588235294118,0.117647058823529,1,0,0.764705882352941,3,0,3,0,3,9,2,0,0,0,0,0.0588235294117647,0,0,0.0588235294117647,0.235294117647059,0.235294117647059,0.352941176470588,0,0,0,0,0,0,0,0,0,2,2,1,0,0.470588235294118,0.117647058823529,1,0,0.764705882352941,3,0,3,0,3,9,2,0,0.117647058823529,0.117647058823529,0.705882352941177,0.294117647058824,0.941176470588235,0,0,6,2,3,11,2,0,1,0.941176470588235,0.176470588235294,0.941176470588235,0.705882352941177,6,3,0,3,2,14,3,1,0.941176470588235,0,0.764705882352941,0.941176470588235,0,0.764705882352941
"22","chora",12,0.75,1,0.75,0.833333333333333,3,3,6,12,21,4,1,0.583333333333333,0.833333333333333,0.166666666666667,1,0,0.666666666666667,0,0,0.166666666666667,6,6,0,9,0,6,0,0,0,27,2,0,1,0.583333333333333,0.166666666666667,0.25,3,6,0,1,6,9,3,1,0,0.75,0.916666666666667,0.0833333333333333,0,0,6,3,0,0,9,2,0,0,0.666666666666667,0.166666666666667,0.75,0.666666666666667,0.25,0,0.166666666666667,0.416666666666667,0.333333333333333,0,2,0,3,4,1,0,0,3,2,15,2,0,0,0.75,0.916666666666667,0.0833333333333333,0,0,6,3,0,0,9,2,0,0.0833333333333333,0.166666666666667,0.833333333333333,0.0833333333333333,1,0,0,9,0,3,12,2,0,1,0.666666666666667,1,0.75,0.833333333333333,6,2,9,3,3,23,4,1,1,1,1,1,1,1
"23","dahana_e_ghori",25,0,1,0,0.64,0,0,6,8,8,2,0,0.72,1,1,0.64,0.04,0.72,0.72,0.08,0.2,6,6,9,6,0,6,4,0,0,37,3,1,0.96,0,0,1,3,0,0,3,3,6,2,0,0.36,0.48,1,0.12,0.04,3,2,3,0,0,8,2,0,0,0,0,0,0,0,0.64,0.28,0,0,0,0,0,0,0,0,6,2,0,0,8,1,0,0.36,0.48,1,0.12,0.04,3,2,3,0,0,8,2,0,0.16,0,0,0,0.68,0,0,0,0,2,2,1,0,0.56,0.68,0.04,0.56,0.04,4,2,0,2,0,8,2,0,1,0,1,1,0,1
"24","dara_e_pech",34,0.0294117647058824,1,0.0294117647058824,0.0588235294117647,0,0,6,0,0,1,0,0.5,1,1,1,0,0,0.205882352941176,0,0.676470588235294,6,6,9,9,0,0,0,0,2,32,3,1,1,0,0.0294117647058824,0.970588235294118,3,0,0,3,3,6,2,0,0,0.323529411764706,0.0294117647058824,0.911764705882353,0.0294117647058824,0,2,0,6,0,8,2,0,0,1,0,0.235294117647059,0,0.0294117647058824,0.0588235294117647,0.147058823529412,0,0,0,3,0,0,0,0,0,0,0,0,3,1,0,0,0.323529411764706,0.0294117647058824,0.911764705882353,0.0294117647058824,0,2,0,6,0,8,2,0,0,0.0588235294117647,0,0,0.852941176470588,0,0,0,0,3,3,1,0,1,0.558823529411765,0.0588235294117647,0.5,1,6,2,0,2,3,13,3,1,0.852941176470588,0.0588235294117647,0.176470588235294,0.852941176470588,0.0588235294117647,0.176470588235294
"25","dasht_e_archi",26,0.0384615384615385,0.115384615384615,0.0769230769230769,0.0769230769230769,0,0,0,0,0,1,0,1,1,0,0.461538461538462,0.384615384615385,0.153846153846154,0.230769230769231,0.0769230769230769,0.115384615384615,9,6,0,3,1,0,0,0,0,19,2,0,0.384615384615385,0.423076923076923,0.307692307692308,0.269230769230769,1,3,2,1,2,3,2,0,0.576923076923077,0.153846153846154,1,0.346153846153846,0.0384615384615385,6,0,3,2,0,11,2,0,0,0.423076923076923,0,0.846153846153846,0.0384615384615385,0.269230769230769,0.230769230769231,0.653846153846154,0.192307692307692,0.384615384615385,0,1,0,3,0,1,0,4,0,2,11,1,0,0.576923076923077,0.153846153846154,1,0.346153846153846,0.0384615384615385,6,0,3,2,0,11,2,0,0.0769230769230769,0.230769230769231,0,0.0384615384615385,0.538461538461538,0,0,0,0,2,2,1,0,0.153846153846154,0,0.0769230769230769,0.307692307692308,0.307692307692308,0,0,0,1,1,2,1,0,1,0.653846153846154,0.153846153846154,1,0.653846153846154,0.153846153846154
"26","dawlat_abad_faryab",14,1,1,1,1,3,3,6,12,21,4,1,1,0.928571428571429,0.428571428571429,0.857142857142857,0,0.714285714285714,0.714285714285714,0.642857142857143,0.571428571428571,9,6,3,9,0,6,4,2,2,41,3,1,1,0.357142857142857,0.571428571428571,0.0714285714285714,3,3,4,0,4,7,3,1,0.142857142857143,0.285714285714286,0.928571428571429,0.214285714285714,0.357142857142857,0,2,3,0,1,6,1,0,0,0.214285714285714,0.0714285714285714,0.857142857142857,0.357142857142857,0.642857142857143,0.928571428571429,0,0.214285714285714,0.142857142857143,0,0,0,3,2,2,9,0,0,0,16,2,0,0.142857142857143,0.285714285714286,0.928571428571429,0.214285714285714,0.357142857142857,0,2,3,0,1,6,1,0,0.285714285714286,0.928571428571429,0.428571428571429,0,0.5,2,6,3,0,2,13,2,0,0.928571428571429,0.785714285714286,0.5,0.857142857142857,0.714285714285714,6,3,6,3,2,20,4,1,0,1,1,0,1,1
"27","daychopan",26,1,1,0.961538461538462,0,3,3,6,0,9,2,0,0.423076923076923,0.769230769230769,0.0384615384615385,0.346153846153846,0.0384615384615385,0.0769230769230769,0.115384615384615,0.0384615384615385,0.269230769230769,3,6,0,3,0,0,0,0,1,13,1,0,0.961538461538462,0,0,0.115384615384615,3,0,0,0,0,3,2,0,0.653846153846154,0.153846153846154,1,0,0.423076923076923,6,0,3,0,1,10,2,0,0,0,0,0,0,0,0,0.153846153846154,0.0769230769230769,0.230769230769231,0,0,0,0,0,0,0,0,0,0,0,1,0,0.653846153846154,0.153846153846154,1,0,0.423076923076923,6,0,3,0,1,10,2,0,0,0,0,0,1,0,0,0,0,3,3,1,0,0.0384615384615385,1,0,0.923076923076923,0.846153846153846,0,3,0,3,3,9,2,0,0.846153846153846,0.153846153846154,0.5,0.846153846153846,0.153846153846154,0.5
"28","deh_bala",26,0.346153846153846,0.384615384615385,0.346153846153846,0.230769230769231,1,1,2,0,3,1,0,0.5,0.461538461538462,0.153846153846154,0.384615384615385,0,0.384615384615385,0.384615384615385,0.346153846153846,0.346153846153846,6,2,0,3,0,3,2,1,1,18,2,0,0.653846153846154,0.115384615384615,0.5,0.384615384615385,2,0,4,1,4,6,2,0,0,0.230769230769231,1,0.0769230769230769,0.346153846153846,0,0,3,0,1,4,1,0,0.0384615384615385,0.461538461538462,0.230769230769231,0.730769230769231,0.0384615384615385,0.307692307692308,0.346153846153846,0,0.230769230769231,0.0769230769230769,0,1,0,2,0,1,3,0,0,0,7,1,0,0,0.230769230769231,1,0.0769230769230769,0.346153846153846,0,0,3,0,1,4,1,0,0,0.0384615384615385,0.0384615384615385,0.192307692307692,1,0,0,0,0,3,3,1,0,0.115384615384615,0.307692307692308,0.192307692307692,0.307692307692308,0.576923076923077,0,1,0,1,2,4,1,0,0.846153846153846,0.346153846153846,0.461538461538462,0.846153846153846,0.346153846153846,0.461538461538462
"29","deh_e_shu",32,0.90625,0.96875,0.84375,0,3,3,6,0,9,2,0,0,0,0.03125,0.03125,0.09375,0.09375,0.0625,0.03125,0,0,0,0,0,0,0,0,0,0,0,1,0,1,0,0.125,0.78125,3,0,0,3,3,6,2,0,0.53125,0.46875,0.9375,0,0.6875,6,2,3,0,2,13,2,0,0,0,0.34375,0.46875,0.40625,0.34375,0.125,0.6875,0.46875,0.0625,0,0,2,1,2,1,0,4,3,0,13,1,0,0.53125,0.46875,0.9375,0,0.6875,6,2,3,0,2,13,2,0,0.03125,0.09375,0.03125,0.1875,0.9375,0,0,0,0,3,3,1,0,0,0.9375,0,0.9375,1,0,3,0,3,3,9,2,0,0.65625,0.03125,0.0625,0.65625,0.03125,0.0625
"30","deh_yak",15,0.2,1,0.2,0.133333333333333,0,0,6,0,0,1,0,1,1,0.133333333333333,0.533333333333333,0,0.2,0.133333333333333,0.2,0.266666666666667,9,6,0,6,0,0,0,0,1,22,2,0,0.4,0.466666666666667,0.266666666666667,0.266666666666667,1,3,2,1,2,3,2,0,0,0.733333333333333,0.266666666666667,0,0,0,4,1,0,0,5,1,0,0,0.0666666666666667,0.0666666666666667,0,0.0666666666666667,0,0.133333333333333,0.533333333333333,0,0.133333333333333,0,0,0,0,0,0,0,4,0,0,4,1,0,0,0.733333333333333,0.266666666666667,0,0,0,4,1,0,0,5,1,0,0,0.2,0.0666666666666667,0,0.733333333333333,0,0,0,0,2,2,1,0,0.133333333333333,0.133333333333333,0,0.533333333333333,0.6,0,0,0,2,2,4,1,0,0,0.0666666666666667,0.266666666666667,0,0.0666666666666667,0.266666666666667
"31","dehrawud",25,0.6,0.96,0.56,0,2,2,6,0,6,2,0,0,0.08,0,0.04,0,0.2,0.2,0,0,0,0,0,0,0,0,0,0,0,0,1,0,0.72,0.28,0.64,0.04,2,3,4,0,4,6,2,0,0,0.24,0.92,0,0.16,0,0,3,0,0,3,1,0,0.04,0.4,0,0.44,0,0.2,0.04,0,0,0,0,1,0,1,0,0,0,0,0,0,2,1,0,0,0.24,0.92,0,0.16,0,0,3,0,0,3,1,0,0.08,0.04,0,0,0.68,0,0,0,0,2,2,1,0,0,0.44,0.04,0.52,0.92,0,1,0,2,3,6,2,0,0.88,0.08,0.24,0.88,0.08,0.24
"32","eshkmesh",16,0.1875,0.3125,0.1875,0.8125,0,0,2,12,12,3,1,0.625,0.625,1,0.625,0,0.5625,0.5625,0.625,0.3125,6,4,9,6,0,6,4,2,1,38,3,1,0.875,0,0.8125,0.1875,3,0,6,0,0,3,2,0,0.1875,0.5625,0.625,0.0625,0,0,4,2,0,0,6,1,0,0,0.75,0.3125,0.5,0.125,0.8125,0.5,0.5,0.5,0.1875,0,3,2,2,0,3,6,4,6,0,26,2,0,0.1875,0.5625,0.625,0.0625,0,0,4,2,0,0,6,1,0,0,0.375,0.1875,0.3125,0,0,2,0,2,0,4,1,0,0.375,0.4375,0.875,0.4375,0.1875,2,1,9,1,0,13,3,1,1,0.9375,1,1,0.9375,1
"33","farah",33,0.212121212121212,0.272727272727273,0.242424242424242,0.575757575757576,0,0,2,8,8,2,0,0.909090909090909,0.818181818181818,0.727272727272727,0.696969696969697,0,0.181818181818182,0.151515151515152,0.0606060606060606,0.96969696969697,9,6,6,6,0,0,0,0,3,30,3,1,0.818181818181818,0.0303030303030303,0,0.909090909090909,3,0,0,3,3,6,2,0,0,0,0.878787878787879,0.0303030303030303,0.363636363636364,0,0,3,0,1,4,1,0,0.0606060606060606,0.363636363636364,0.121212121212121,0.696969696969697,0.0303030303030303,0.303030303030303,0.393939393939394,0.181818181818182,0,0.0606060606060606,0,1,0,2,0,1,3,0,0,0,7,1,0,0,0,0.878787878787879,0.0303030303030303,0.363636363636364,0,0,3,0,1,4,1,0,0.181818181818182,0.272727272727273,0.0303030303030303,0.0606060606060606,0.909090909090909,0,2,0,0,3,5,1,0,0.121212121212121,0.424242424242424,0.0909090909090909,0.151515151515152,0.848484848484849,0,1,0,0,3,4,1,0,0.636363636363636,0.666666666666667,0.939393939393939,0.636363636363636,0.666666666666667,0.939393939393939
"34","garmser",36,0.0277777777777778,0.916666666666667,0.0277777777777778,0.916666666666667,0,0,6,12,12,3,1,1,0.944444444444444,1,0.694444444444444,0.0277777777777778,0.972222222222222,0.972222222222222,0.916666666666667,1,9,6,9,6,0,9,6,3,3,51,4,1,1,1,0,0,3,9,0,0,9,12,4,1,0.388888888888889,0,1,0,0,3,0,3,0,0,6,1,0,0,0.138888888888889,0,0.25,0.0833333333333333,0.222222222222222,0.0555555555555556,0.944444444444444,0.194444444444444,0.611111111111111,0,0,0,1,0,0,0,6,0,4,11,1,0,0.388888888888889,0,1,0,0,3,0,3,0,0,6,1,0,0,0.222222222222222,0.194444444444444,0.222222222222222,0.111111111111111,0,0,0,0,0,0,1,0,0,0.0277777777777778,0.638888888888889,0.916666666666667,0.222222222222222,0,0,6,3,0,9,2,0,1,1,1,1,1,1
"35","garzewan",30,0.333333333333333,0.833333333333333,0.4,0.633333333333333,1,1,6,8,11,3,1,1,1,0.966666666666667,1,0,0.933333333333333,0.933333333333333,0.9,0.666666666666667,9,6,9,9,0,9,6,3,2,53,4,1,1,0.1,0.266666666666667,0.6,3,0,2,2,2,5,2,0,0.833333333333333,0,1,0.333333333333333,0.0333333333333333,9,0,3,2,0,14,3,1,0.0333333333333333,0.9,0.133333333333333,0.733333333333333,0,0.466666666666667,0.4,0.266666666666667,0.0666666666666667,0.2,0,3,0,2,0,1,3,2,0,0,11,1,0,0.833333333333333,0,1,0.333333333333333,0.0333333333333333,9,0,3,2,0,14,3,1,0.166666666666667,0.333333333333333,0.133333333333333,0.4,0.866666666666667,0,2,0,2,3,7,1,0,0.833333333333333,0.3,0.0666666666666667,0.8,0.9,6,1,0,3,3,13,3,1,1,1,1,1,1,1
"36","ghazi_abad",23,0.0434782608695652,0.521739130434783,0.0434782608695652,0,0,0,4,0,0,1,0,0.695652173913043,0.869565217391304,0,0.434782608695652,0.173913043478261,0,0.0434782608695652,0,0,6,6,0,3,0,0,0,0,0,15,2,0,0.565217391304348,0.0434782608695652,0.304347826086957,0.434782608695652,2,0,2,1,2,4,2,0,0.434782608695652,0.304347826086957,0.0434782608695652,0.0434782608695652,0.173913043478261,3,2,0,0,0,5,1,0,0.0434782608695652,0.0869565217391304,0.0434782608695652,0.347826086956522,0,0,0.0869565217391304,0.217391304347826,0,0.0869565217391304,0,0,0,1,0,0,0,0,0,0,1,1,0,0.434782608695652,0.304347826086957,0.0434782608695652,0.0434782608695652,0.173913043478261,3,2,0,0,0,5,1,0,0,0.0434782608695652,0,0,0.826086956521739,0,0,0,0,3,3,1,0,0.391304347826087,0.521739130434783,0,0.565217391304348,0.565217391304348,2,2,0,2,2,8,2,0,0.91304347826087,0.0434782608695652,0.130434782608696,0.91304347826087,0.0434782608695652,0.130434782608696
"37","ghorak",17,1,0.470588235294118,1,0.705882352941177,3,3,2,8,17,4,1,0.882352941176471,0.882352941176471,0.176470588235294,0.411764705882353,0,0.588235294117647,0.529411764705882,0.235294117647059,0.117647058823529,9,6,0,3,0,6,4,0,0,28,2,0,0.705882352941177,0.0588235294117647,0.470588235294118,0.470588235294118,2,0,2,1,2,4,2,0,0.176470588235294,0.235294117647059,1,0.294117647058824,0,0,0,3,2,0,5,1,0,0,0,0.176470588235294,0.352941176470588,0.235294117647059,0.411764705882353,0,0.823529411764706,0.176470588235294,0.0588235294117647,0,0,0,1,0,1,0,6,0,0,8,1,0,0.176470588235294,0.235294117647059,1,0.294117647058824,0,0,0,3,2,0,5,1,0,0,0.882352941176471,0,0.294117647058824,0,0,6,0,2,0,8,2,0,0.352941176470588,0.176470588235294,0.352941176470588,0.529411764705882,0.823529411764706,2,0,3,2,3,10,2,0,0.882352941176471,0.882352941176471,0.294117647058824,0.882352941176471,0.882352941176471,0.294117647058824
"38","ghormach",24,0.791666666666667,0.791666666666667,0.875,0.125,3,3,6,0,9,2,0,0.791666666666667,0.875,0.458333333333333,0.625,0.5,0.25,0.416666666666667,0.0416666666666667,0,9,6,3,6,2,3,2,0,0,31,3,1,0.958333333333333,0.291666666666667,0.666666666666667,0.0416666666666667,3,3,4,0,4,7,3,1,0.25,0.0833333333333333,0.875,0.291666666666667,0.75,3,0,3,2,3,11,2,0,0.0833333333333333,0.541666666666667,0,0.416666666666667,0.0416666666666667,0.208333333333333,0.291666666666667,0.208333333333333,0,0.0833333333333333,0,2,0,1,0,0,3,0,0,0,6,1,0,0.25,0.0833333333333333,0.875,0.291666666666667,0.75,3,0,3,2,3,11,2,0,0.0416666666666667,0.25,0,0.166666666666667,0.666666666666667,0,2,0,0,2,4,1,0,0.125,0.5,0.0416666666666667,0.291666666666667,0.875,0,2,0,1,3,6,2,0,0.916666666666667,0.708333333333333,0.958333333333333,0.916666666666667,0.708333333333333,0.958333333333333
"39","giro",21,0.0952380952380952,1,0.142857142857143,0,0,0,6,0,0,1,0,0.0952380952380952,0.142857142857143,0,0.0476190476190476,0,0.0476190476190476,0.142857142857143,0.19047619047619,0.19047619047619,0,0,0,0,0,0,0,0,0,0,1,0,0.952380952380952,0.0476190476190476,0.19047619047619,0.714285714285714,3,0,0,2,2,5,2,0,0,0.0476190476190476,1,0,0.0476190476190476,0,0,3,0,0,3,1,0,0,0,0.0952380952380952,0.619047619047619,0.238095238095238,0.476190476190476,0,0,0.0952380952380952,0.19047619047619,0,0,0,2,0,1,0,0,0,0,3,1,0,0,0.0476190476190476,1,0,0.0476190476190476,0,0,3,0,0,3,1,0,0,0.0952380952380952,0.0476190476190476,0.0952380952380952,0.952380952380952,0,0,0,0,3,3,1,0,0.142857142857143,0.285714285714286,0.0476190476190476,0.952380952380952,0.904761904761905,0,1,0,3,3,7,2,0,0.952380952380952,0.80952380952381,0.952380952380952,0.952380952380952,0.80952380952381,0.952380952380952
"40","gomal",35,0.0571428571428571,0.914285714285714,0.0285714285714286,0.657142857142857,0,0,6,8,8,2,0,0.714285714285714,0.628571428571429,0.171428571428571,0.457142857142857,0.0571428571428571,0.4,0.457142857142857,0.0571428571428571,0.342857142857143,6,4,0,3,0,3,2,0,1,19,2,0,0.971428571428571,0.428571428571429,0.457142857142857,0.114285714285714,3,3,2,0,2,5,2,0,0.0571428571428571,0.514285714285714,0.742857142857143,0.0857142857142857,0,0,4,2,0,0,6,1,0,0.0285714285714286,0.2,0.2,0.485714285714286,0.228571428571429,0.257142857142857,0.485714285714286,0.285714285714286,0.171428571428571,0.628571428571429,0,0,0,1,0,1,3,2,0,4,11,1,0,0.0571428571428571,0.514285714285714,0.742857142857143,0.0857142857142857,0,0,4,2,0,0,6,1,0,0.314285714285714,0.514285714285714,0.114285714285714,0.0857142857142857,0.771428571428571,2,4,0,0,3,9,2,0,0.457142857142857,0.685714285714286,0,0.885714285714286,0.6,2,2,0,3,2,9,2,0,0.8,0.571428571428571,0.771428571428571,0.8,0.571428571428571,0.771428571428571
"41","hesarak",33,0.0606060606060606,0.96969696969697,0.0909090909090909,0.848484848484849,0,0,6,12,12,3,1,0.96969696969697,1,0.787878787878788,0.96969696969697,0,0.575757575757576,0.666666666666667,0.545454545454545,0.272727272727273,9,6,9,9,0,6,4,2,1,46,4,1,0.393939393939394,0.0303030303030303,0.181818181818182,0.151515151515152,1,0,0,0,0,1,1,0,0,0.0303030303030303,0.909090909090909,0.0303030303030303,0.393939393939394,0,0,3,0,1,4,1,0,0.0303030303030303,0.181818181818182,0,0.424242424242424,0,0.424242424242424,0.151515151515152,0.212121212121212,0.242424242424242,0.181818181818182,0,0,0,1,0,1,0,0,0,0,2,1,0,0,0.0303030303030303,0.909090909090909,0.0303030303030303,0.393939393939394,0,0,3,0,1,4,1,0,0,0,0.0303030303030303,0.727272727272727,1,0,0,0,4,3,7,1,0,0.636363636363636,0.212121212121212,0.424242424242424,0.575757575757576,0.545454545454545,4,0,3,2,2,11,2,0,1,1,1,1,1,1
"42","imam_sahib",60,0.15,0.333333333333333,0.116666666666667,0.316666666666667,0,0,2,4,4,1,0,0.433333333333333,0.616666666666667,0.483333333333333,0.35,0.0333333333333333,0.483333333333333,0.483333333333333,0.416666666666667,0.15,3,4,3,3,0,3,2,1,0,19,2,0,0.933333333333333,0.616666666666667,0.333333333333333,0.05,3,6,2,0,6,9,3,1,0.1,0.0166666666666667,0.983333333333333,0.55,0.0833333333333333,0,0,3,4,0,7,2,0,0,0.5,0.1,0.3,0.0333333333333333,0.383333333333333,0.216666666666667,0.133333333333333,0.116666666666667,0.133333333333333,0,2,0,1,0,1,0,0,0,0,4,1,0,0.1,0.0166666666666667,0.983333333333333,0.55,0.0833333333333333,0,0,3,4,0,7,2,0,0.0166666666666667,0.466666666666667,0.0833333333333333,0.05,0.0666666666666667,0,2,0,0,0,2,1,0,0.25,0.5,0.0833333333333333,0.783333333333333,0.85,2,2,0,3,3,10,2,0,1,0.966666666666667,0.983333333333333,1,0.966666666666667,0.983333333333333
"43","jawand",72,0.791666666666667,0.944444444444444,0.861111111111111,0.319444444444444,3,3,6,4,13,3,1,0.930555555555556,0.833333333333333,0.847222222222222,0.458333333333333,0.902777777777778,0.222222222222222,0.583333333333333,0.125,0.347222222222222,9,6,9,3,3,0,4,0,1,35,3,1,0.958333333333333,0.458333333333333,0.25,0.222222222222222,3,3,2,0,2,5,2,0,0.291666666666667,0.444444444444444,0.958333333333333,0.138888888888889,0.0694444444444444,3,2,3,0,0,8,2,0,0,0.611111111111111,0.0138888888888889,0.152777777777778,0.0694444444444444,0.111111111111111,0.222222222222222,0.583333333333333,0.0138888888888889,0.0972222222222222,0,2,0,0,0,0,0,4,0,0,6,1,0,0.291666666666667,0.444444444444444,0.958333333333333,0.138888888888889,0.0694444444444444,3,2,3,0,0,8,2,0,0.805555555555556,0.180555555555556,0.0416666666666667,0.0694444444444444,0.638888888888889,6,0,0,0,2,8,2,0,0.263888888888889,0.583333333333333,0.125,0.708333333333333,0.958333333333333,2,2,0,2,3,9,2,0,0.486111111111111,0.652777777777778,0.375,0.486111111111111,0.652777777777778,0.375
"44","jorm",24,0.125,0.333333333333333,0.125,0.875,0,0,2,12,12,3,1,0.875,0.875,0.5,0.833333333333333,0,0.125,0.0833333333333333,0.166666666666667,0.0416666666666667,9,6,6,9,0,0,0,0,0,30,3,1,0.708333333333333,0.208333333333333,0.666666666666667,0.125,2,0,4,0,4,6,2,0,0.0833333333333333,0.0416666666666667,0.0833333333333333,0.25,0,0,0,0,2,0,2,1,0,0,0.125,0.666666666666667,0.291666666666667,0.416666666666667,0.458333333333333,0.166666666666667,0.791666666666667,0.416666666666667,0.291666666666667,0,0,4,1,2,1,0,6,3,2,19,2,0,0.0833333333333333,0.0416666666666667,0.0833333333333333,0.25,0,0,0,0,2,0,2,1,0,0,0.583333333333333,0.0833333333333333,0.25,0.625,0,4,0,2,2,8,2,0,0.458333333333333,0.291666666666667,0.125,0.25,0.583333333333333,2,1,0,1,2,6,2,0,0.833333333333333,0.958333333333333,1,0.833333333333333,0.958333333333333,1
"45","kakar",37,0.972972972972973,1,0.972972972972973,0.0540540540540541,3,3,6,0,9,2,0,0.972972972972973,1,0,1,0.135135135135135,0.027027027027027,0.108108108108108,0.108108108108108,0.027027027027027,9,6,0,9,0,0,0,0,0,24,2,0,1,0.0810810810810811,0.891891891891892,0.027027027027027,3,0,6,0,0,3,2,0,0.297297297297297,0.675675675675676,1,0.108108108108108,0.135135135135135,3,4,3,0,0,10,2,0,0,0.027027027027027,0,0.027027027027027,0,0.0810810810810811,0.0540540540540541,0.918918918918919,0,0,0,0,0,0,0,0,0,6,0,0,6,1,0,0.297297297297297,0.675675675675676,1,0.108108108108108,0.135135135135135,3,4,3,0,0,10,2,0,0,0.0540540540540541,0,0,0.027027027027027,0,0,0,0,0,0,1,0,0.162162162162162,0.945945945945946,0.027027027027027,1,1,0,3,0,3,3,9,2,0,0.918918918918919,0.972972972972973,0.891891891891892,0.918918918918919,0.972972972972973,0.891891891891892
"46","khak_e_safed",16,0.375,0.875,0.5625,0,2,1,6,0,4,1,0,0.9375,0.75,0.6875,0.75,0.125,0.375,0.5,0.1875,0.625,9,6,6,9,0,3,4,0,2,39,3,1,0.875,0.3125,0.5,0.125,3,3,4,0,4,7,3,1,0.0625,0.0625,0.9375,0.0625,0.9375,0,0,3,0,3,6,1,0,0.125,0.5625,0.1875,0.5625,0.3125,0.5625,0.1875,0.125,0,0.25,0,2,0,2,2,2,0,0,0,2,10,1,0,0.0625,0.0625,0.9375,0.0625,0.9375,0,0,3,0,3,6,1,0,0,0,0.125,0.625,1,0,0,0,4,3,7,1,0,0.4375,0.0625,0.6875,0.8125,1,2,0,6,3,3,14,3,1,0.5,0.8125,0.875,0.5,0.8125,0.875
"47","khakrez",36,0.944444444444444,0.944444444444444,0.944444444444444,0.111111111111111,3,3,6,0,9,2,0,0.666666666666667,0.75,0,0.694444444444444,0.777777777777778,0.111111111111111,0.138888888888889,0.0277777777777778,0.527777777777778,6,6,0,6,3,0,0,0,2,23,2,0,0.916666666666667,0.611111111111111,0.222222222222222,0.111111111111111,3,6,0,0,6,9,3,1,0,0.0833333333333333,0.972222222222222,0,0,0,0,3,0,0,3,1,0,0,0.166666666666667,0,0.361111111111111,0.0277777777777778,0.222222222222222,0.222222222222222,0.166666666666667,0,0.333333333333333,0,0,0,1,0,0,0,0,0,2,3,1,0,0,0.0833333333333333,0.972222222222222,0,0,0,0,3,0,0,3,1,0,0.25,0.25,0.0277777777777778,0.333333333333333,0.694444444444444,2,2,0,2,2,8,2,0,0.0833333333333333,0.888888888888889,0.0833333333333333,0.888888888888889,0.888888888888889,0,3,0,3,3,9,2,0,0.555555555555556,0.305555555555556,0.0833333333333333,0.555555555555556,0.305555555555556,0.0833333333333333
"48","khan_abad",28,0.214285714285714,0.821428571428571,0.178571428571429,0.714285714285714,0,0,6,8,8,2,0,0.571428571428571,0.642857142857143,0.0714285714285714,0.428571428571429,0,0.25,0.0714285714285714,0.178571428571429,0.142857142857143,6,4,0,3,0,3,0,0,0,16,2,0,0.964285714285714,0.142857142857143,0.678571428571429,0.178571428571429,3,0,4,0,4,7,3,1,0.178571428571429,0.107142857142857,0.75,0.107142857142857,0,0,0,3,0,0,3,1,0,0,0.107142857142857,0.25,0.357142857142857,0.0357142857142857,0.142857142857143,0.214285714285714,0.107142857142857,0.107142857142857,0.214285714285714,0,0,2,1,0,0,0,0,0,0,3,1,0,0.178571428571429,0.107142857142857,0.75,0.107142857142857,0,0,0,3,0,0,3,1,0,0,0.428571428571429,0.142857142857143,0.214285714285714,0.142857142857143,0,2,0,0,0,2,1,0,0.285714285714286,0.285714285714286,0.142857142857143,0.464285714285714,0.678571428571429,2,1,0,1,2,6,2,0,0.964285714285714,1,0.785714285714286,0.964285714285714,1,0.785714285714286
"49","khas_kunar",20,0,0.15,0,0,0,0,0,0,0,1,0,0.1,0.05,0.45,0.05,0,0.05,0.05,0,0.05,0,0,3,0,0,0,0,0,0,3,1,0,0.65,0.9,0.1,0,2,9,0,0,9,11,4,1,0.05,0.25,0,0.15,0.3,0,2,0,0,1,3,1,0,0.1,0.55,0.75,0.25,0.1,0.1,0.25,0.2,0,0.3,0,2,6,1,0,0,3,0,0,2,14,2,0,0.05,0.25,0,0.15,0.3,0,2,0,0,1,3,1,0,0,0.2,0,0.05,0.65,0,0,0,0,2,2,1,0,0.25,0.1,0.05,0.35,0.5,2,0,0,1,2,5,1,0,1,1,0.55,1,1,0.55
"50","khas_uruzgan",46,0.41304347826087,0.760869565217391,0.41304347826087,0.173913043478261,1,1,6,0,3,1,0,0.304347826086957,0.0869565217391304,0.195652173913043,0.347826086956522,0.260869565217391,0.217391304347826,0.0217391304347826,0,0.195652173913043,3,0,0,3,1,0,0,0,0,7,1,0,0.673913043478261,0.543478260869565,0.456521739130435,0,2,6,2,0,6,8,3,1,0,0.652173913043478,0.978260869565217,0.0869565217391304,0.0217391304347826,0,4,3,0,0,7,2,0,0.0434782608695652,0.0869565217391304,0.130434782608696,0.652173913043478,0.0869565217391304,0.347826086956522,0.152173913043478,0.239130434782609,0.0217391304347826,0.5,0,0,0,2,0,1,0,0,0,4,7,1,0,0,0.652173913043478,0.978260869565217,0.0869565217391304,0.0217391304347826,0,4,3,0,0,7,2,0,0.0869565217391304,0.173913043478261,0.0434782608695652,0.108695652173913,0.760869565217391,0,0,0,0,3,3,1,0,0.304347826086957,0.41304347826087,0.260869565217391,0.565217391304348,0.673913043478261,2,1,3,2,2,10,2,0,0.869565217391304,0.543478260869565,0.717391304347826,0.869565217391304,0.543478260869565,0.717391304347826
"51","khogyani",39,0.282051282051282,0.512820512820513,0.333333333333333,0.282051282051282,1,1,4,4,7,2,0,0.435897435897436,0.512820512820513,0.333333333333333,0.307692307692308,0.0256410256410256,0.307692307692308,0.384615384615385,0.256410256410256,0.358974358974359,3,4,3,3,0,3,2,1,1,20,2,0,0.743589743589744,0.435897435897436,0.230769230769231,0.333333333333333,2,3,0,1,1,3,2,0,0.384615384615385,0.256410256410256,0.102564102564103,0.0256410256410256,0.512820512820513,3,2,0,0,2,7,2,0,0,0.0512820512820513,0,0.41025641025641,0.0256410256410256,0.0769230769230769,0.0512820512820513,0.615384615384615,0.153846153846154,0.179487179487179,0,0,0,1,0,0,0,4,0,0,5,1,0,0.384615384615385,0.256410256410256,0.102564102564103,0.0256410256410256,0.512820512820513,3,2,0,0,2,7,2,0,0,0.0512820512820513,0,0.0769230769230769,0.897435897435897,0,0,0,0,3,3,1,0,0.102564102564103,0.846153846153846,0.0769230769230769,0.717948717948718,0.871794871794872,0,3,0,2,3,8,2,0,0.487179487179487,0.384615384615385,0.256410256410256,0.487179487179487,0.384615384615385,0.256410256410256
"52","khwaja_gahr",26,0.0769230769230769,0.423076923076923,0.115384615384615,0.730769230769231,0,0,2,8,8,2,0,0.615384615384615,0.961538461538462,1,0.769230769230769,0,0.461538461538462,0.423076923076923,0.461538461538462,0.153846153846154,6,6,9,9,0,3,2,1,0,36,3,1,1,0,0.884615384615385,0.115384615384615,3,0,6,0,0,3,2,0,0.5,0,0.923076923076923,0.461538461538462,0,6,0,3,2,0,11,2,0,0,0.807692307692308,0.230769230769231,0.653846153846154,0.461538461538462,0.5,0.807692307692308,0.0384615384615385,0,0.269230769230769,0,3,0,2,2,2,9,0,0,2,20,2,0,0.5,0,0.923076923076923,0.461538461538462,0,6,0,3,2,0,11,2,0,0,0.346153846153846,0.0384615384615385,0.0769230769230769,0.0384615384615385,0,2,0,0,0,2,1,0,0.230769230769231,0.0769230769230769,0,0.153846153846154,0.961538461538462,0,0,0,0,3,3,1,0,1,0.923076923076923,1,1,0.923076923076923,1
"53","khwaja_sabz_posh",20,0.35,0.35,0.3,0.55,1,1,2,8,11,3,1,0.8,0.85,0.55,1,0.1,0.8,0.8,0.15,0.05,9,6,6,9,0,9,6,0,0,45,4,1,1,0.15,0.55,0.3,3,0,4,1,4,7,3,1,0.15,0,0.55,0.35,0.5,0,0,2,2,2,6,1,0,0,0.6,0.05,0.25,0,0.05,1,0,0.25,0.2,0,2,0,1,0,0,9,0,3,0,15,2,0,0.15,0,0.55,0.35,0.5,0,0,2,2,2,6,1,0,0,0.4,0.25,0.4,1,0,2,3,2,3,10,2,0,0.4,0.9,0.1,0.1,0.9,2,3,0,0,3,8,2,0,0.35,0.95,1,0.35,0.95,1
"54","kot",14,0.0714285714285714,0.285714285714286,0.142857142857143,0,0,0,2,0,0,1,0,0,0.0714285714285714,0,0,0,0,0.0714285714285714,0.0714285714285714,0,0,0,0,0,0,0,0,0,0,0,1,0,1,0.285714285714286,0.357142857142857,0.357142857142857,3,3,2,1,2,5,2,0,0,0.142857142857143,0,0,0,0,0,0,0,0,0,1,0,0,0.5,0.857142857142857,0.0714285714285714,0.714285714285714,0.214285714285714,0,0.285714285714286,0.142857142857143,0.0714285714285714,0,2,6,0,4,0,0,2,0,0,14,2,0,0,0.142857142857143,0,0,0,0,0,0,0,0,0,1,0,0,0.142857142857143,0,0,1,0,0,0,0,3,3,1,0,0.357142857142857,0.428571428571429,0,0.142857142857143,0.357142857142857,2,1,0,0,1,4,1,0,1,1,0.928571428571429,1,1,0.928571428571429
"55","lashkargah",33,0.0909090909090909,0.909090909090909,0,0.333333333333333,0,0,6,4,4,1,0,0.393939393939394,0.484848484848485,0.636363636363636,0.333333333333333,0,0.454545454545455,0.272727272727273,0.303030303030303,0.363636363636364,3,2,6,3,0,3,2,1,1,21,2,0,0.666666666666667,0.121212121212121,0.272727272727273,0.515151515151515,2,0,2,2,2,4,2,0,0.393939393939394,0.0909090909090909,0.818181818181818,0,0.121212121212121,3,0,3,0,0,6,1,0,0,0.151515151515152,0.0303030303030303,0.303030303030303,0.0606060606060606,0.363636363636364,0.303030303030303,0.0303030303030303,0,0.272727272727273,0,0,0,1,0,1,3,0,0,2,7,1,0,0.393939393939394,0.0909090909090909,0.818181818181818,0,0.121212121212121,3,0,3,0,0,6,1,0,0.0303030303030303,0,0,0.0606060606060606,0.181818181818182,0,0,0,0,0,0,1,0,0.121212121212121,0,0.333333333333333,0.757575757575758,0.515151515151515,0,0,3,3,2,8,2,0,0.939393939393939,1,0.151515151515152,0.939393939393939,1,0.151515151515152
"56","marawara",15,0,0.333333333333333,0.133333333333333,0.133333333333333,0,0,2,0,0,1,0,0.266666666666667,0.2,0.266666666666667,0.133333333333333,0,0.333333333333333,0.4,0.0666666666666667,0.133333333333333,3,0,3,0,0,3,2,0,0,11,1,0,1,0.333333333333333,0.2,0.4,3,3,0,1,1,4,2,0,0.266666666666667,0.133333333333333,0.4,0.2,0.2,3,0,1,0,0,4,1,0,0.266666666666667,0.4,0.6,0.333333333333333,0.333333333333333,0.333333333333333,0.2,0.133333333333333,0.333333333333333,0.133333333333333,2,1,4,1,2,1,0,0,3,0,14,2,0,0.266666666666667,0.133333333333333,0.4,0.2,0.2,3,0,1,0,0,4,1,0,0.0666666666666667,0.133333333333333,0,0.133333333333333,0.933333333333333,0,0,0,0,3,3,1,0,0.666666666666667,0.6,0,0.333333333333333,0.733333333333333,4,2,0,1,2,9,2,0,1,0.866666666666667,0.533333333333333,1,0.866666666666667,0.533333333333333
"57","maruf",75,1,1,0.986666666666667,0.04,3,3,6,0,9,2,0,0.84,0.733333333333333,0.08,0.173333333333333,0,0.186666666666667,0.906666666666667,0.4,0.413333333333333,9,4,0,0,0,0,6,1,1,21,2,0,0.906666666666667,0.0266666666666667,0.653333333333333,0.32,3,0,4,1,4,7,3,1,0.04,0.706666666666667,1,0.0133333333333333,0.813333333333333,0,4,3,0,3,10,2,0,0,0.426666666666667,0.106666666666667,0.52,0,0.293333333333333,0.533333333333333,0.0933333333333333,0.12,0.306666666666667,0,1,0,2,0,1,6,0,0,2,12,1,0,0.04,0.706666666666667,1,0.0133333333333333,0.813333333333333,0,4,3,0,3,10,2,0,0.04,0.12,0,0.0266666666666667,0.986666666666667,0,0,0,0,3,3,1,0,0.333333333333333,0.92,0.0266666666666667,0.906666666666667,0.96,2,3,0,3,3,11,2,0,0.773333333333333,0.96,0.106666666666667,0.773333333333333,0.96,0.106666666666667
"58","maywand",44,0.886363636363636,0.886363636363636,0.886363636363636,0,3,3,6,0,9,2,0,0.795454545454545,0.454545454545455,0.0227272727272727,0.340909090909091,0.386363636363636,0.409090909090909,0.681818181818182,0.0454545454545455,0.25,9,2,0,3,1,3,4,0,1,23,2,0,0.886363636363636,0.636363636363636,0.272727272727273,0.0909090909090909,3,6,2,0,6,9,3,1,0,0,0.954545454545455,0.0681818181818182,0.5,0,0,3,0,2,5,1,0,0,0.0909090909090909,0.227272727272727,0.636363636363636,0.340909090909091,0.522727272727273,0.159090909090909,0.659090909090909,0.181818181818182,0.545454545454545,0,0,0,2,2,2,0,4,0,4,14,2,0,0,0,0.954545454545455,0.0681818181818182,0.5,0,0,3,0,2,5,1,0,0,0.0227272727272727,0.0454545454545455,0.136363636363636,0.409090909090909,0,0,0,0,1,1,1,0,0.0909090909090909,0.931818181818182,0,0.886363636363636,0.840909090909091,0,3,0,3,3,9,2,0,0.954545454545455,1,0.545454545454545,0.954545454545455,1,0.545454545454545
"59","mohammad_agha",38,0.105263157894737,0.815789473684211,0.947368421052632,0.157894736842105,3,0,6,0,3,1,0,1,0.947368421052632,0.131578947368421,0.842105263157895,0,0.0263157894736842,0.0263157894736842,0.0263157894736842,0.657894736842105,9,6,0,9,0,0,0,0,2,26,2,0,0.842105263157895,0,0.210526315789474,0.736842105263158,3,0,0,2,2,5,2,0,0.0526315789473684,0.184210526315789,1,0,0.0263157894736842,0,0,3,0,0,3,1,0,0,0,0.131578947368421,0.289473684210526,0,0.0263157894736842,0,0.210526315789474,0.184210526315789,0.552631578947368,0,0,0,1,0,0,0,0,0,4,5,1,0,0.0526315789473684,0.184210526315789,1,0,0.0263157894736842,0,0,3,0,0,3,1,0,0,0.131578947368421,0.0789473684210526,0.0789473684210526,0.657894736842105,0,0,0,0,2,2,1,0,0,0.342105263157895,0.842105263157895,0.421052631578947,0.5,0,1,9,1,2,13,3,1,0.289473684210526,0,0.236842105263158,0.289473684210526,0,0.236842105263158
"60","muhmand_dara",17,0.0588235294117647,0.470588235294118,0.235294117647059,0,0,0,2,0,0,1,0,0,0.0588235294117647,0,0.0588235294117647,0,0.117647058823529,0.0588235294117647,0.117647058823529,0,0,0,0,0,0,0,0,0,0,0,1,0,0.764705882352941,0.470588235294118,0.352941176470588,0.176470588235294,3,3,2,0,2,5,2,0,0,0,0,0.176470588235294,0.0588235294117647,0,0,0,0,0,0,1,0,0,0.411764705882353,0.235294117647059,0.588235294117647,0.352941176470588,0.529411764705882,0,0.0588235294117647,0,0,0,1,0,2,2,2,0,0,0,0,7,1,0,0,0,0,0.176470588235294,0.0588235294117647,0,0,0,0,0,0,1,0,0,0.235294117647059,0,0,0.823529411764706,0,0,0,0,3,3,1,0,0,0.235294117647059,0.0588235294117647,0.705882352941177,0.823529411764706,0,0,0,2,3,5,1,0,0.352941176470588,0.882352941176471,0.529411764705882,0.352941176470588,0.882352941176471,0.529411764705882
"61","muqur_badghis",12,0.416666666666667,0.5,0.0833333333333333,0.5,0,1,4,8,10,2,0,0.5,0.666666666666667,0,0.333333333333333,0.166666666666667,0.0833333333333333,0.25,0.166666666666667,0.0833333333333333,6,4,0,3,0,0,2,0,0,15,2,0,0.75,0,0.5,0.333333333333333,3,0,4,1,4,7,3,1,0.166666666666667,0.333333333333333,0.833333333333333,0.166666666666667,0,0,2,3,0,0,5,1,0,0.0833333333333333,0.0833333333333333,0,0.416666666666667,0,0,0,0,0.0833333333333333,0.333333333333333,0,0,0,1,0,0,0,0,0,2,3,1,0,0.166666666666667,0.333333333333333,0.833333333333333,0.166666666666667,0,0,2,3,0,0,5,1,0,0.0833333333333333,0.666666666666667,0,0,0.583333333333333,0,4,0,0,2,6,1,0,0.583333333333333,0.5,0.0833333333333333,0.666666666666667,0.5,4,2,0,2,2,10,2,0,0.916666666666667,0.916666666666667,0.916666666666667,0.916666666666667,0.916666666666667,0.916666666666667
"62","muqur_ghazni",29,0.0689655172413793,0.827586206896552,0.206896551724138,0.275862068965517,0,0,6,4,4,1,0,0.482758620689655,0.344827586206897,0.241379310344828,0.241379310344828,0.0344827586206897,0.137931034482759,0.275862068965517,0,0.103448275862069,3,2,0,0,0,0,2,0,0,7,1,0,0.862068965517241,0.0344827586206897,0.206896551724138,0.620689655172414,3,0,0,2,2,5,2,0,0,0,0.758620689655172,0.206896551724138,0,0,0,3,0,0,3,1,0,0,0.206896551724138,0,0.206896551724138,0,0.0344827586206897,0.0344827586206897,0.0344827586206897,0,0,0,0,0,0,0,0,0,0,0,0,0,1,0,0,0,0.758620689655172,0.206896551724138,0,0,0,3,0,0,3,1,0,0,0.0344827586206897,0,0,0.586206896551724,0,0,0,0,2,2,1,0,0.275862068965517,0.0689655172413793,0.103448275862069,0.172413793103448,0.724137931034483,2,0,0,0,2,4,1,0,0.551724137931034,0.586206896551724,0.620689655172414,0.551724137931034,0.586206896551724,0.620689655172414
"63","musa_qala",27,0.962962962962963,1,0.962962962962963,0.185185185185185,3,3,6,0,9,2,0,0.62962962962963,0.555555555555556,0.962962962962963,1,0.962962962962963,1,0.037037037037037,0,0.962962962962963,6,4,9,9,3,9,0,0,3,43,3,1,0.962962962962963,0.037037037037037,0.851851851851852,0.111111111111111,3,0,6,0,0,3,2,0,0.037037037037037,0,0.037037037037037,0,0.814814814814815,0,0,0,0,3,3,1,0,0,0.851851851851852,0.111111111111111,0.888888888888889,0.148148148148148,0.851851851851852,0.037037037037037,0,0,0,0,3,0,3,0,3,0,0,0,0,9,1,0,0.037037037037037,0,0.037037037037037,0,0.814814814814815,0,0,0,0,3,3,1,0,0,0,0,0,0.962962962962963,0,0,0,0,3,3,1,0,0,0.925925925925926,0.296296296296296,0.962962962962963,0.555555555555556,0,3,3,3,2,11,2,0,1,1,1,1,1,1
"64","nad_e_ali",16,0.4375,0.625,0.375,0.125,1,1,4,0,3,1,0,0.8125,0.5,0.6875,0.8125,0.5,0.5,0.125,0,0.0625,9,4,6,9,2,6,0,0,0,36,3,1,0.25,0.0625,0.8125,0.125,1,0,6,0,0,1,1,0,0.9375,0,1,0,0,9,0,3,0,0,12,2,0,0,0,0,0,0,0.0625,0,0.0625,0,0,0,0,0,0,0,0,0,0,0,0,0,1,0,0.9375,0,1,0,0,9,0,3,0,0,12,2,0,0,0.0625,0.0625,0.0625,0.6875,0,0,0,0,2,2,1,0,0.0625,0.125,0.25,0.875,0.625,0,0,3,3,2,8,2,0,0.8125,0.875,0.5,0.8125,0.875,0.5
"65","nahr_e_seraj",67,0.388059701492537,0.761194029850746,0.298507462686567,0.432835820895522,1,1,6,4,7,2,0,0.955223880597015,0.73134328358209,0.477611940298507,0.925373134328358,0.119402985074627,0.641791044776119,0.985074626865672,0.402985074626866,0.119402985074627,9,4,3,9,0,6,6,1,0,38,3,1,0.343283582089552,0.164179104477612,0.298507462686567,0.537313432835821,1,0,2,2,2,3,2,0,0,0.194029850746269,0.791044776119403,0.0895522388059701,0.119402985074627,0,0,3,0,0,3,1,0,0,0.0597014925373134,0,0.388059701492537,0.0149253731343284,0.611940298507463,0.238805970149254,0.0597014925373134,0.0149253731343284,0.298507462686567,0,0,0,1,0,2,0,0,0,2,5,1,0,0,0.194029850746269,0.791044776119403,0.0895522388059701,0.119402985074627,0,0,3,0,0,3,1,0,0,0.0746268656716418,0,0.26865671641791,0.582089552238806,0,0,0,2,2,4,1,0,0.850746268656716,0,0.119402985074627,0.701492537313433,0.925373134328358,6,0,0,2,3,11,2,0,0.641791044776119,0.552238805970149,0.552238805970149,0.641791044776119,0.552238805970149,0.552238805970149
"66","nawzad",45,0.955555555555556,1,0.955555555555556,0.2,3,3,6,0,9,2,0,0.866666666666667,0.733333333333333,0.511111111111111,0.511111111111111,0.688888888888889,0.533333333333333,0.666666666666667,0.2,0.555555555555556,9,4,6,6,2,6,4,0,2,39,3,1,0.977777777777778,0.511111111111111,0.311111111111111,0.177777777777778,3,6,2,0,6,9,3,1,0.0666666666666667,0.266666666666667,1,0.0222222222222222,0.222222222222222,0,2,3,0,0,5,1,0,0,0.511111111111111,0,0.288888888888889,0,0.244444444444444,0.2,0.288888888888889,0.0444444444444444,0.155555555555556,0,2,0,1,0,0,0,2,0,0,5,1,0,0.0666666666666667,0.266666666666667,1,0.0222222222222222,0.222222222222222,0,2,3,0,0,5,1,0,0.111111111111111,0.133333333333333,0.0222222222222222,0.155555555555556,0.866666666666667,0,0,0,0,3,3,1,0,0.0444444444444444,0.577777777777778,0.2,1,0.755555555555556,0,2,0,3,3,8,2,0,0.422222222222222,0.311111111111111,0.377777777777778,0.422222222222222,0.311111111111111,0.377777777777778
"67","nesh",11,1,1,1,1,3,3,6,12,21,4,1,0.454545454545455,0.272727272727273,0.727272727272727,0,0.272727272727273,0.909090909090909,0.181818181818182,0,0.363636363636364,3,2,6,0,1,9,0,0,1,22,2,0,0.454545454545455,0.363636363636364,0.363636363636364,0.272727272727273,1,3,2,1,2,3,2,0,0.545454545454545,0.363636363636364,0.909090909090909,0,0.727272727272727,6,2,3,0,2,13,2,0,0,0.272727272727273,0,1,0,0.909090909090909,0,0.0909090909090909,0,0.909090909090909,0,1,0,3,0,3,0,0,0,6,13,1,0,0.545454545454545,0.363636363636364,0.909090909090909,0,0.727272727272727,6,2,3,0,2,13,2,0,0,0.0909090909090909,0.0909090909090909,0,0.545454545454545,0,0,0,0,2,2,1,0,0,0.818181818181818,0,0.454545454545455,0.818181818181818,0,3,0,1,3,7,2,0,1,1,1,1,1,1
"68","pasaband",49,0.612244897959184,0.857142857142857,0.591836734693878,0.755102040816326,2,2,6,12,18,4,1,0.897959183673469,0.836734693877551,0.755102040816326,0.63265306122449,0,0.653061224489796,0.73469387755102,0.612244897959184,0.224489795918367,9,6,9,6,0,6,4,2,0,42,3,1,0.877551020408163,0.0408163265306122,0.285714285714286,0.591836734693878,3,0,2,2,2,5,2,0,0.408163265306122,0.530612244897959,1,0.36734693877551,0.448979591836735,3,4,3,2,1,13,2,0,0,0.183673469387755,0.0816326530612245,0.755102040816326,0.122448979591837,0.693877551020408,0.0408163265306122,0.755102040816326,0.0204081632653061,0.469387755102041,0,0,0,3,0,2,0,6,0,2,13,1,0,0.408163265306122,0.530612244897959,1,0.36734693877551,0.448979591836735,3,4,3,2,1,13,2,0,0.0408163265306122,0.306122448979592,0,0.0204081632653061,0.918367346938776,0,2,0,0,3,5,1,0,0.510204081632653,0.795918367346939,0.183673469387755,0.918367346938776,0.816326530612245,4,3,0,3,3,13,3,1,0.877551020408163,0.346938775510204,0.306122448979592,0.877551020408163,0.346938775510204,0.306122448979592
"69","pashtun_kot",57,0.298245614035088,0.842105263157895,0.578947368421053,0.824561403508772,2,1,6,12,16,4,1,0.964912280701754,1,0.666666666666667,0.649122807017544,0.543859649122807,0.473684210526316,0.508771929824561,0.368421052631579,0.087719298245614,9,6,6,6,2,3,4,1,0,37,3,1,0.982456140350877,0.0701754385964912,0.421052631578947,0.491228070175439,3,0,2,1,2,5,2,0,0.280701754385965,0.192982456140351,0.929824561403509,0.087719298245614,0.631578947368421,3,0,3,0,2,8,2,0,0.0701754385964912,0.175438596491228,0.157894736842105,0.43859649122807,0.140350877192982,0.508771929824561,0.192982456140351,0.491228070175439,0.0526315789473684,0.263157894736842,0,0,0,1,0,2,0,2,0,2,7,1,0,0.280701754385965,0.192982456140351,0.929824561403509,0.087719298245614,0.631578947368421,3,0,3,0,2,8,2,0,0.12280701754386,0.859649122807018,0.0350877192982456,0.087719298245614,0.929824561403509,0,6,0,0,3,9,2,0,0.350877192982456,0.421052631578947,0.666666666666667,0.87719298245614,0.456140350877193,2,1,6,3,1,13,3,1,1,1,1,1,1,1
"70","pul_e_khumri",44,0,0.727272727272727,0,0.840909090909091,0,0,4,12,12,3,1,1,0.977272727272727,0.954545454545455,0.931818181818182,0,0.909090909090909,1,0.0227272727272727,0.363636363636364,9,6,9,9,0,9,6,0,1,49,4,1,0.931818181818182,0,0,0.954545454545455,3,0,0,3,3,6,2,0,0.272727272727273,0.136363636363636,0.659090909090909,0,0,3,0,2,0,0,5,1,0,0,0,0,0,0,0,0.909090909090909,0,0,0,0,0,0,0,0,0,9,0,0,0,9,1,0,0.272727272727273,0.136363636363636,0.659090909090909,0,0,3,0,2,0,0,5,1,0,0.386363636363636,0.227272727272727,0.0454545454545455,0.363636363636364,0.522727272727273,2,0,0,2,2,6,1,0,0.909090909090909,0.340909090909091,0.363636363636364,0.522727272727273,0.0227272727272727,6,1,3,2,0,12,3,1,0.977272727272727,0.204545454545455,0.840909090909091,0.977272727272727,0.204545454545455,0.840909090909091
"71","pur_chaman",63,0.46031746031746,0.825396825396825,0.412698412698413,0.555555555555556,1,1,6,8,11,3,1,0.73015873015873,0.984126984126984,0.380952380952381,0.349206349206349,0.158730158730159,0.111111111111111,0.126984126984127,0.111111111111111,0.301587301587302,6,6,3,3,0,0,0,0,1,19,2,0,0.73015873015873,0.126984126984127,0.317460317460317,0.238095238095238,2,0,2,0,2,4,2,0,0.142857142857143,0.793650793650794,0.714285714285714,0.238095238095238,0.174603174603175,0,6,2,0,0,8,2,0,0.0158730158730159,0.222222222222222,0.206349206349206,0.444444444444444,0.0793650793650794,0.507936507936508,0.46031746031746,0.111111111111111,0.174603174603175,0.142857142857143,0,0,0,1,0,2,3,0,0,0,6,1,0,0.142857142857143,0.793650793650794,0.714285714285714,0.238095238095238,0.174603174603175,0,6,2,0,0,8,2,0,0.253968253968254,0.46031746031746,0.0158730158730159,0.0476190476190476,0.825396825396825,2,2,0,0,3,7,1,0,0.0793650793650794,0.53968253968254,0.174603174603175,0.523809523809524,0.619047619047619,0,2,0,2,2,6,2,0,0.841269841269841,0.619047619047619,0.666666666666667,0.841269841269841,0.619047619047619,0.666666666666667
"72","pusht_rod",12,0.583333333333333,0.916666666666667,0.583333333333333,0.75,2,2,6,12,18,4,1,0.5,0.5,0.916666666666667,0.166666666666667,0,0,0.0833333333333333,0,0.333333333333333,6,4,9,0,0,0,0,0,1,20,2,0,0.916666666666667,0,0.0833333333333333,0.333333333333333,3,0,0,1,1,4,2,0,0,0,1,0,0.583333333333333,0,0,3,0,2,5,1,0,0,0,0,0,0,0,0.25,0.0833333333333333,0,0.166666666666667,0,0,0,0,0,0,3,0,0,0,3,1,0,0,0,1,0,0.583333333333333,0,0,3,0,2,5,1,0,0,0.166666666666667,0,0,1,0,0,0,0,3,3,1,0,0,0.833333333333333,0,0,0.916666666666667,0,3,0,0,3,6,2,0,0.583333333333333,0.0833333333333333,0.666666666666667,0.583333333333333,0.0833333333333333,0.666666666666667
"73","qaisar",43,0.325581395348837,0.697674418604651,0.325581395348837,0.906976744186046,1,1,4,12,15,3,1,0.744186046511628,0.953488372093023,0.674418604651163,0.488372093023256,0.0697674418604651,0.372093023255814,0.511627906976744,0.534883720930233,0.116279069767442,6,6,6,3,0,3,4,2,0,30,3,1,0.837209302325581,0.0232558139534884,0.186046511627907,0.767441860465116,3,0,0,3,3,6,2,0,0.13953488372093,0.116279069767442,0.976744186046512,0.186046511627907,0,0,0,3,0,0,3,1,0,0.0697674418604651,0.209302325581395,0.0697674418604651,0.395348837209302,0.27906976744186,0.465116279069767,0.13953488372093,0.441860465116279,0.13953488372093,0.325581395348837,0,0,0,1,2,1,0,2,0,2,8,1,0,0.13953488372093,0.116279069767442,0.976744186046512,0.186046511627907,0,0,0,3,0,0,3,1,0,0.0465116279069767,0.581395348837209,0.0697674418604651,0.13953488372093,0.255813953488372,0,4,0,0,1,5,1,0,0.372093023255814,0.27906976744186,0.488372093023256,0.255813953488372,0.441860465116279,2,1,3,1,1,8,2,0,1,0.976744186046512,1,1,0.976744186046512,1
"74","qala_e_zal",20,0,0,0,0.05,0,0,0,0,0,1,0,0.05,0.35,0.55,0.55,0,0,0,0,0.05,0,2,6,6,0,0,0,0,0,14,2,0,0.7,0,0,0.15,2,0,0,0,0,2,1,0,0,0,0.9,0,0,0,0,3,0,0,3,1,0,0,0,0.05,0.1,0,0.05,0.05,0.1,0.1,0.15,0,0,0,0,0,0,0,0,0,0,0,1,0,0,0,0.9,0,0,0,0,3,0,0,3,1,0,0,0.15,0,0.15,0.5,0,0,0,0,2,2,1,0,0.1,0.05,0.1,0.05,0.3,0,0,0,0,1,1,1,0,1,0.35,1,1,0.35,1
"75","qarabagh",79,0.253164556962025,0.556962025316456,0.253164556962025,0.417721518987342,1,1,4,4,7,2,0,0.658227848101266,0.620253164556962,0.126582278481013,0.367088607594937,0,0.481012658227848,0.481012658227848,0.240506329113924,0.443037974683544,6,4,0,3,0,3,2,0,1,19,2,0,0.683544303797468,0.0759493670886076,0.113924050632911,0.493670886075949,2,0,0,1,1,3,2,0,0,0.455696202531646,1,0.113924050632911,0.20253164556962,0,2,3,0,0,5,1,0,0.0126582278481013,0.10126582278481,0.0126582278481013,0.278481012658228,0.0253164556962025,0.189873417721519,0.164556962025316,0.291139240506329,0.0379746835443038,0.291139240506329,0,0,0,1,0,0,0,2,0,2,5,1,0,0,0.455696202531646,1,0.113924050632911,0.20253164556962,0,2,3,0,0,5,1,0,0,0.0126582278481013,0,0,0.784810126582278,0,0,0,0,3,3,1,0,0.240506329113924,0.177215189873418,0.0253164556962025,0.113924050632911,0.30379746835443,0,0,0,0,1,1,1,0,0.367088607594937,0.354430379746835,0.354430379746835,0.367088607594937,0.354430379746835,0.354430379746835
"76","raghestan",33,0.666666666666667,0.96969696969697,0.666666666666667,0.212121212121212,2,2,6,0,6,2,0,0.0909090909090909,0.666666666666667,0,0.606060606060606,0.0606060606060606,0.424242424242424,0.0303030303030303,0,0.0303030303030303,0,4,0,6,0,3,0,0,0,13,1,0,0.727272727272727,0.484848484848485,0.393939393939394,0.0909090909090909,2,3,2,0,2,4,2,0,0,0.0909090909090909,1,0.303030303030303,0.0303030303030303,0,0,3,2,0,5,1,0,0,0,0.0303030303030303,0.0606060606060606,0,0,0.818181818181818,0.0909090909090909,0,0.272727272727273,0,0,0,0,0,0,9,0,0,2,11,1,0,0,0.0909090909090909,1,0.303030303030303,0.0303030303030303,0,0,3,2,0,5,1,0,0,0.0606060606060606,0,0,0.636363636363636,0,0,0,0,2,2,1,0,0.0909090909090909,0.515151515151515,0.0606060606060606,0.606060606060606,1,0,2,0,2,3,7,2,0,0.606060606060606,0.727272727272727,0.878787878787879,0.606060606060606,0.727272727272727,0.878787878787879
"77","reg",20,1,1,1,0,3,3,6,0,9,2,0,0.1,0.7,0.1,0.05,0.65,0,0.05,0,0,0,4,0,0,2,0,0,0,0,6,1,0,1,0.7,0.2,0.1,3,6,0,0,6,9,3,1,0,0.95,1,0.15,1,0,6,3,0,3,12,2,0,0,0.55,0.1,0.7,0.35,0.55,0.05,0.05,0,0,0,2,0,2,2,2,0,0,0,0,8,1,0,0,0.95,1,0.15,1,0,6,3,0,3,12,2,0,1,0.65,0,0,1,6,4,0,0,3,13,2,0,0.1,1,0,1,0.9,0,3,0,3,3,9,2,0,0,1,0,0,1,0
"78","reg_i_khan_nishin",17,0.823529411764706,0.941176470588235,0.823529411764706,0.117647058823529,3,3,6,0,9,2,0,0.176470588235294,0.705882352941177,0.0588235294117647,0.0588235294117647,0.294117647058824,0.117647058823529,0.823529411764706,0.0588235294117647,0,0,4,0,0,1,0,6,0,0,11,1,0,0.823529411764706,0.176470588235294,0.588235294117647,0.235294117647059,3,0,4,0,4,7,3,1,0.588235294117647,0,1,0.176470588235294,0.470588235294118,6,0,3,0,1,10,2,0,0,0.235294117647059,0.176470588235294,0.294117647058824,0.176470588235294,0.352941176470588,0.176470588235294,0.117647058823529,0.235294117647059,0.0588235294117647,0,0,0,1,0,1,0,0,0,0,2,1,0,0.588235294117647,0,1,0.176470588235294,0.470588235294118,6,0,3,0,1,10,2,0,0,0,0.235294117647059,0.235294117647059,0.705882352941177,0,0,0,0,2,2,1,0,0,0.176470588235294,0.117647058823529,0.529411764705882,0.764705882352941,0,0,0,2,3,5,1,0,1,0.705882352941177,0.352941176470588,1,0.705882352941177,0.352941176470588
"79","rostaq",44,0.181818181818182,0.272727272727273,0.272727272727273,0.295454545454545,1,0,2,4,5,2,0,0.136363636363636,0.25,0,0.25,0,0.0227272727272727,0.0454545454545455,0.0454545454545455,0,0,2,0,3,0,0,0,0,0,5,1,0,0.863636363636364,0,0.318181818181818,0.681818181818182,3,0,2,2,2,5,2,0,0.295454545454545,0.204545454545455,1,0.272727272727273,0.0227272727272727,3,0,3,2,0,8,2,0,0,0.0227272727272727,0,0.386363636363636,0,0.0909090909090909,0,0.136363636363636,0,0,0,0,0,1,0,0,0,0,0,0,1,1,0,0.295454545454545,0.204545454545455,1,0.272727272727273,0.0227272727272727,3,0,3,2,0,8,2,0,0,0.0454545454545455,0,0.0454545454545455,0.0227272727272727,0,0,0,0,0,0,1,0,0.5,0.454545454545455,0.0454545454545455,0.704545454545455,0.545454545454545,4,1,0,2,2,9,2,0,0.75,1,1,0.75,1,1
"80","sabari",20,0,0.05,0,0,0,0,0,0,0,1,0,0.25,0.3,0,0,0.05,0.05,0.85,0.05,0.8,3,2,0,0,0,0,6,0,3,14,2,0,0.85,0,0,0.15,3,0,0,0,0,3,2,0,0,0.3,0.95,0.05,0,0,2,3,0,0,5,1,0,0,0,0,0,0,0,0,0,0,0,0,0,0,0,0,0,0,0,0,0,0,1,0,0,0.3,0.95,0.05,0,0,2,3,0,0,5,1,0,0,0,0,0,0.05,0,0,0,0,0,0,1,0,0,0,0,0,0.8,0,0,0,0,3,3,1,0,0.6,0,0.4,0.6,0,0.4
"81","sangin",27,0.777777777777778,1,0.777777777777778,0.777777777777778,3,3,6,12,21,4,1,0.851851851851852,0.888888888888889,0.296296296296296,0.925925925925926,0.222222222222222,0.851851851851852,0.851851851851852,0.592592592592593,0.851851851851852,9,6,3,9,0,9,6,2,3,47,4,1,0.814814814814815,0.148148148148148,0.592592592592593,0.259259259259259,3,0,4,1,4,7,3,1,0.518518518518518,0.037037037037037,1,0,0.037037037037037,6,0,3,0,0,9,2,0,0,0,0.259259259259259,0.481481481481481,0.037037037037037,0.481481481481481,0.111111111111111,0.592592592592593,0.259259259259259,0.222222222222222,0,0,2,1,0,1,0,4,3,0,11,1,0,0.518518518518518,0.037037037037037,1,0,0.037037037037037,6,0,3,0,0,9,2,0,0,0.0740740740740741,0.037037037037037,0.111111111111111,0.703703703703704,0,0,0,0,2,2,1,0,0.444444444444444,0.0740740740740741,0.592592592592593,0.777777777777778,0.037037037037037,2,0,6,3,0,11,2,0,1,1,0.518518518518518,1,1,0.518518518518518
"82","sarobi",30,0.533333333333333,0.933333333333333,0.666666666666667,0.0333333333333333,2,2,6,0,6,2,0,0.266666666666667,0.0666666666666667,0,0.1,0,0.0333333333333333,0.0333333333333333,0.0333333333333333,0,3,0,0,0,0,0,0,0,0,3,1,0,0.566666666666667,0.866666666666667,0.133333333333333,0,2,9,0,0,9,11,4,1,0,0.0333333333333333,1,0,0.833333333333333,0,0,3,0,3,6,1,0,0.0333333333333333,0.533333333333333,0.133333333333333,0.833333333333333,0.1,0.866666666666667,0.333333333333333,0.533333333333333,0.0333333333333333,0.9,0,2,0,3,0,3,3,4,0,6,21,2,0,0,0.0333333333333333,1,0,0.833333333333333,0,0,3,0,3,6,1,0,0,0.0666666666666667,0,0.133333333333333,0.966666666666667,0,0,0,0,3,3,1,0,0.1,0.666666666666667,0,0.833333333333333,0.866666666666667,0,2,0,3,3,8,2,0,1,1,1,1,1,1
"83","sayed_abad",30,0.0333333333333333,0.966666666666667,0.1,0,0,0,6,0,0,1,0,0.766666666666667,0.933333333333333,0.3,0.5,0.1,0.3,0.266666666666667,0.166666666666667,0.4,9,6,3,6,0,3,2,0,1,30,3,1,0.6,0,0.2,0.7,2,0,0,2,2,4,2,0,0.1,0.3,0.0666666666666667,0.133333333333333,0.566666666666667,0,2,0,0,2,4,1,0,0,0.533333333333333,0.366666666666667,0.466666666666667,0.0333333333333333,0.133333333333333,0.333333333333333,0.3,0.0666666666666667,0.1,0,2,2,1,0,0,3,2,0,0,10,1,0,0.1,0.3,0.0666666666666667,0.133333333333333,0.566666666666667,0,2,0,0,2,4,1,0,0,0,0,0,0.766666666666667,0,0,0,0,3,3,1,0,0.1,0.0333333333333333,0.1,0,0.533333333333333,0,0,0,0,2,2,1,0,0.833333333333333,0.366666666666667,0.766666666666667,0.833333333333333,0.366666666666667,0.766666666666667
"84","shah_joi",43,0.813953488372093,1,0.813953488372093,0.209302325581395,3,3,6,0,9,2,0,1,1,0.953488372093023,0.883720930232558,0.604651162790698,0.511627906976744,0.488372093023256,0.0465116279069767,0.0697674418604651,9,6,9,9,2,6,2,0,0,43,3,1,1,0.0232558139534884,0.697674418604651,0.255813953488372,3,0,4,1,4,7,3,1,0.209302325581395,0.27906976744186,1,0,0.0930232558139535,0,2,3,0,0,5,1,0,0,0,0,0.209302325581395,0,0.0232558139534884,0.930232558139535,0.0697674418604651,0,0,0,0,0,0,0,0,9,0,0,0,9,1,0,0.209302325581395,0.27906976744186,1,0,0.0930232558139535,0,2,3,0,0,5,1,0,0,0.0232558139534884,0,0.0232558139534884,0.953488372093023,0,0,0,0,3,3,1,0,0.767441860465116,0.0232558139534884,0.13953488372093,0.86046511627907,0.720930232558139,6,0,0,3,2,11,2,0,0.86046511627907,0,0.0465116279069767,0.86046511627907,0,0.0465116279069767
"85","shah_wali_kot",56,0.928571428571429,1,0.875,0.25,3,3,6,4,13,3,1,0.625,1,0.589285714285714,0.607142857142857,0.0357142857142857,0.875,0.5,0.107142857142857,0.142857142857143,6,6,6,6,0,9,4,0,0,37,3,1,0.678571428571429,0.339285714285714,0.375,0.285714285714286,2,3,2,1,2,4,2,0,0,0.357142857142857,0.660714285714286,0.428571428571429,0.0892857142857143,0,2,2,2,0,6,1,0,0.0714285714285714,0.232142857142857,0.0357142857142857,0.642857142857143,0.0178571428571429,0.5,0.482142857142857,0.125,0.196428571428571,0.482142857142857,0,0,0,2,0,2,3,0,0,2,9,1,0,0,0.357142857142857,0.660714285714286,0.428571428571429,0.0892857142857143,0,2,2,2,0,6,1,0,0.0892857142857143,0.589285714285714,0.125,0.410714285714286,0.482142857142857,0,4,0,2,1,7,1,0,0.589285714285714,0.392857142857143,0.589285714285714,0.678571428571429,0.696428571428571,4,1,6,2,2,15,3,1,0.982142857142857,1,0.660714285714286,0.982142857142857,1,0.660714285714286
"86","shahid_e_hassas",19,0.263157894736842,0.578947368421053,0.263157894736842,0.473684210526316,1,1,4,4,7,2,0,0.210526315789474,0.157894736842105,0.157894736842105,0.894736842105263,0,0.684210526315789,0.578947368421053,0.210526315789474,0.578947368421053,0,0,0,9,0,6,4,0,2,21,2,0,0.578947368421053,0.210526315789474,0.263157894736842,0.526315789473684,2,0,2,2,2,4,2,0,0.105263157894737,0,1,0.157894736842105,0.526315789473684,0,0,3,0,2,5,1,0,0,0.578947368421053,0,0.684210526315789,0,0.578947368421053,0.263157894736842,0.157894736842105,0.105263157894737,0.736842105263158,0,2,0,2,0,2,3,0,0,4,13,1,0,0.105263157894737,0,1,0.157894736842105,0.526315789473684,0,0,3,0,2,5,1,0,0,0.789473684210526,0.210526315789474,0.684210526315789,0.368421052631579,0,6,0,4,1,11,2,0,0.210526315789474,0.263157894736842,0.894736842105263,0.578947368421053,0.210526315789474,0,1,9,2,0,12,3,1,0.894736842105263,0.842105263157895,1,0.894736842105263,0.842105263157895,1
"87","sheltan",9,0.222222222222222,0.555555555555556,0.333333333333333,0.333333333333333,1,0,4,4,5,2,0,0.333333333333333,0.444444444444444,0.222222222222222,0.555555555555556,0,0.666666666666667,0.666666666666667,0,0.222222222222222,3,2,0,6,0,6,4,0,0,21,2,0,0.888888888888889,0.111111111111111,0.111111111111111,0.777777777777778,3,0,0,3,3,6,2,0,0,0.555555555555556,0,0.333333333333333,0,0,4,0,2,0,6,1,0,0,0.333333333333333,0.333333333333333,0.444444444444444,0.333333333333333,0.333333333333333,0.555555555555556,0.333333333333333,0.111111111111111,0.333333333333333,0,1,2,1,2,1,6,2,0,2,17,2,0,0,0.555555555555556,0,0.333333333333333,0,0,4,0,2,0,6,1,0,0.111111111111111,0.111111111111111,0,0.222222222222222,1,0,0,0,0,3,3,1,0,0.888888888888889,0.111111111111111,0,0.888888888888889,0.777777777777778,6,0,0,3,3,12,3,1,1,1,0.111111111111111,1,1,0.111111111111111
"88","sher_zad",31,0.354838709677419,0.612903225806452,0.32258064516129,0.612903225806452,1,1,4,8,11,3,1,0.935483870967742,0.903225806451613,0,0.806451612903226,0,0.870967741935484,0.870967741935484,0.838709677419355,0.903225806451613,9,6,0,9,0,9,6,3,3,45,4,1,0.806451612903226,0.0967741935483871,0.354838709677419,0.548387096774194,3,0,2,2,2,5,2,0,0.258064516129032,0.225806451612903,1,0,0,3,0,3,0,0,6,1,0,0,0.354838709677419,0.193548387096774,0.548387096774194,0.0645161290322581,0.612903225806452,0.67741935483871,0.258064516129032,0.580645161290323,0.290322580645161,0,1,0,2,0,2,6,2,6,2,21,2,0,0.258064516129032,0.225806451612903,1,0,0,3,0,3,0,0,6,1,0,0,0,0.161290322580645,0.451612903225806,0.903225806451613,0,0,0,2,3,5,1,0,0.290322580645161,0.580645161290323,0.645161290322581,0.870967741935484,0.741935483870968,2,2,6,3,2,15,3,1,1,1,0.967741935483871,1,1,0.967741935483871
"89","shigal",27,0,0.37037037037037,0.222222222222222,0.037037037037037,0,0,2,0,0,1,0,0.111111111111111,0.444444444444444,0.037037037037037,0,0,0,0,0,0.148148148148148,0,2,0,0,0,0,0,0,0,2,1,0,0.851851851851852,0,0.185185185185185,0.814814814814815,3,0,0,3,3,6,2,0,0.037037037037037,0,0,0.0740740740740741,0.333333333333333,0,0,0,0,1,1,1,0,0,0.148148148148148,0,0.777777777777778,0.037037037037037,0.333333333333333,0,0,0,0.037037037037037,0,0,0,3,0,1,0,0,0,0,4,1,0,0.037037037037037,0,0,0.0740740740740741,0.333333333333333,0,0,0,0,1,1,1,0,0,0.0740740740740741,0,0,1,0,0,0,0,3,3,1,0,0.0740740740740741,0.740740740740741,0,0.37037037037037,0.592592592592593,0,2,0,1,2,5,1,0,0.925925925925926,0.148148148148148,0.148148148148148,0.925925925925926,0.148148148148148,0.148148148148148
"90","shindand",17,0,0.352941176470588,0.294117647058824,0.882352941176471,1,0,2,12,13,3,1,0.764705882352941,0.764705882352941,0.117647058823529,0.705882352941177,0,0.0588235294117647,0.0588235294117647,0.0588235294117647,0.823529411764706,9,6,0,6,0,0,0,0,3,24,2,0,1,0.470588235294118,0.470588235294118,0.0588235294117647,3,3,2,0,2,5,2,0,0,0.941176470588235,1,0,0,0,6,3,0,0,9,2,0,0,0.588235294117647,0.117647058823529,0.764705882352941,0.0588235294117647,0.764705882352941,0.647058823529412,0.294117647058824,0.117647058823529,0.823529411764706,0,2,0,3,0,3,6,2,0,6,22,2,0,0,0.941176470588235,1,0,0,0,6,3,0,0,9,2,0,0,0.0588235294117647,0,0.235294117647059,0.588235294117647,0,0,0,0,2,2,1,0,0.529411764705882,0.294117647058824,0,0.235294117647059,0.941176470588235,4,1,0,0,3,8,2,0,0.294117647058824,1,1,0.294117647058824,1,1
"91","shirin_tagab",23,0.608695652173913,0.91304347826087,0.565217391304348,0.782608695652174,2,2,6,12,18,4,1,0.91304347826087,0.91304347826087,1,0.956521739130435,0,0.869565217391304,0.869565217391304,0.826086956521739,0.91304347826087,9,6,9,9,0,9,6,3,3,54,4,1,0.91304347826087,0.304347826086957,0,0.695652173913043,3,3,0,2,2,5,2,0,0.0434782608695652,0.478260869565217,1,0.0434782608695652,0,0,2,3,0,0,5,1,0,0,0.0434782608695652,0,0.173913043478261,0,0,0.347826086956522,0.652173913043478,0,0.0434782608695652,0,0,0,0,0,0,3,4,0,0,7,1,0,0.0434782608695652,0.478260869565217,1,0.0434782608695652,0,0,2,3,0,0,5,1,0,0,0.217391304347826,0.391304347826087,0.304347826086957,0.217391304347826,0,0,3,2,0,5,1,0,0.91304347826087,0.478260869565217,0.434782608695652,0.0869565217391304,0.739130434782609,6,1,3,0,2,12,3,1,0.956521739130435,1,1,0.956521739130435,1,1
"92","sozmaqala",51,0.0784313725490196,0.647058823529412,0.0588235294117647,0.392156862745098,0,0,4,4,4,1,0,0.92156862745098,0.941176470588235,0.588235294117647,0.745098039215686,0,0.196078431372549,0.411764705882353,0.823529411764706,0,9,6,6,6,0,0,2,3,0,32,3,1,0.215686274509804,0,0.549019607843137,0.450980392156863,0,0,4,1,4,4,2,0,0.215686274509804,0.117647058823529,0.431372549019608,0.490196078431373,0,0,0,1,2,0,3,1,0,0,0.0196078431372549,0,0.568627450980392,0,0.372549019607843,0.627450980392157,0.0784313725490196,0.0196078431372549,0.0588235294117647,0,0,0,2,0,1,6,0,0,0,9,1,0,0.215686274509804,0.117647058823529,0.431372549019608,0.490196078431373,0,0,0,1,2,0,3,1,0,0,0,0.0196078431372549,0.117647058823529,0.803921568627451,0,0,0,0,3,3,1,0,0.549019607843137,0.0588235294117647,0,0.215686274509804,0.0980392156862745,4,0,0,0,0,4,1,0,1,1,1,1,1,1
"93","surkh_rod",41,0.0487804878048781,0.121951219512195,0.0487804878048781,0.268292682926829,0,0,0,4,4,1,0,0.51219512195122,0.536585365853659,0.0975609756097561,0.121951219512195,0.024390243902439,0.0975609756097561,0,0.0731707317073171,0,6,4,0,0,0,0,0,0,0,10,1,0,0.634146341463415,0.536585365853659,0.414634146341463,0.0487804878048781,2,6,2,0,6,8,3,1,0,0.0487804878048781,0.926829268292683,0,0,0,0,3,0,0,3,1,0,0,0,0.146341463414634,0.731707317073171,0.268292682926829,0.609756097560976,0.146341463414634,0.024390243902439,0.170731707317073,0.024390243902439,0,0,0,2,2,2,0,0,0,0,6,1,0,0,0.0487804878048781,0.926829268292683,0,0,0,0,3,0,0,3,1,0,0.0975609756097561,0.195121951219512,0,0,0.951219512195122,0,0,0,0,3,3,1,0,0,0.341463414634146,0.024390243902439,0.170731707317073,0.341463414634146,0,1,0,0,1,2,1,0,0.902439024390244,0.780487804878049,0.926829268292683,0.902439024390244,0.780487804878049,0.926829268292683
"94","tirinkot",29,0.724137931034483,0.96551724137931,0.724137931034483,0.379310344827586,2,2,6,4,10,2,0,0.862068965517241,0.96551724137931,1,0.931034482758621,0,0.827586206896552,0.862068965517241,0.862068965517241,0,9,6,9,9,0,9,6,3,0,51,4,1,0.724137931034483,0,0,0.96551724137931,2,0,0,3,3,5,2,0,0,0.103448275862069,1,0.413793103448276,0.620689655172414,0,0,3,2,2,7,2,0,0,0.517241379310345,0,0.896551724137931,0,0.896551724137931,0.206896551724138,0.724137931034483,0,0.931034482758621,0,2,0,3,0,3,0,4,0,6,18,2,0,0,0.103448275862069,1,0.413793103448276,0.620689655172414,0,0,3,2,2,7,2,0,0,1,0,0.896551724137931,0.655172413793103,0,6,0,6,2,14,2,0,0.103448275862069,0.620689655172414,0.931034482758621,0.827586206896552,0.724137931034483,0,2,9,3,2,16,3,1,1,0.96551724137931,1,1,0.96551724137931,1
"95","urgun",32,0,0.1875,0,0,0,0,0,0,0,1,0,0.6875,0.8125,0.03125,0.59375,0,0.3125,0.15625,0.09375,0.3125,6,6,0,6,0,3,0,0,1,22,2,0,0.875,0.03125,0.375,0.53125,3,0,2,2,2,5,2,0,0,0.03125,1,0.0625,0,0,0,3,0,0,3,1,0,0,0.0625,0,0.15625,0,0.21875,0.6875,0.28125,0.0625,0.21875,0,0,0,0,0,0,6,2,0,0,8,1,0,0,0.03125,1,0.0625,0,0,0,3,0,0,3,1,0,0,0.03125,0,0.125,0.0625,0,0,0,0,0,0,1,0,0,0.5625,0.0625,0.25,0.5,0,2,0,1,2,5,1,0,0.8125,0.15625,0.1875,0.8125,0.15625,0.1875
"96","waghaz",21,0.19047619047619,0.857142857142857,0.428571428571429,0.0952380952380952,1,0,6,0,1,1,0,0.285714285714286,0.238095238095238,0.0476190476190476,0.19047619047619,0,0.285714285714286,0.428571428571429,0,0.142857142857143,3,0,0,0,0,3,2,0,0,8,1,0,1,0.285714285714286,0.285714285714286,0.285714285714286,3,3,2,1,2,5,2,0,0,0,0.380952380952381,0,0.428571428571429,0,0,1,0,1,2,1,0,0.19047619047619,0.333333333333333,0.523809523809524,0.19047619047619,0.380952380952381,0.285714285714286,0.0476190476190476,0,0.0476190476190476,0,0,1,4,0,2,1,0,0,0,0,8,1,0,0,0,0.380952380952381,0,0.428571428571429,0,0,1,0,1,2,1,0,0,0,0,0.0476190476190476,1,0,0,0,0,3,3,1,0,0.0952380952380952,0.19047619047619,0,0.19047619047619,0.904761904761905,0,0,0,0,3,3,1,0,0.714285714285714,0.904761904761905,0.857142857142857,0.714285714285714,0.904761904761905,0.857142857142857
"97","wal_e_muhammad_e_shahid",18,0.0555555555555556,0.888888888888889,0,0.5,0,0,6,8,8,2,0,0.277777777777778,0.166666666666667,0,0.555555555555556,0,0.0555555555555556,0.166666666666667,0.0555555555555556,0,3,0,0,6,0,0,0,0,0,9,1,0,0.833333333333333,0.277777777777778,0.5,0.222222222222222,3,3,4,0,4,7,3,1,0,0.0555555555555556,1,0.0555555555555556,0.0555555555555556,0,0,3,0,0,3,1,0,0.111111111111111,0.111111111111111,0.222222222222222,0.5,0,0.222222222222222,0.555555555555556,0.444444444444444,0.0555555555555556,0.166666666666667,0,0,0,2,0,0,6,2,0,0,10,1,0,0,0.0555555555555556,1,0.0555555555555556,0.0555555555555556,0,0,3,0,0,3,1,0,0,0.111111111111111,0,0,1,0,0,0,0,3,3,1,0,0.5,0,0.277777777777778,0,0.333333333333333,4,0,3,0,1,8,2,0,1,0.611111111111111,0.944444444444444,1,0.611111111111111,0.944444444444444
"98","watapur",24,0.0833333333333333,0.416666666666667,0.125,0.375,0,0,2,4,4,1,0,0.875,0.5,0.583333333333333,0.125,0,0,0,0,0.791666666666667,9,4,6,0,0,0,0,0,3,22,2,0,0.958333333333333,0.666666666666667,0.166666666666667,0.166666666666667,3,6,0,0,6,9,3,1,0.0416666666666667,0.208333333333333,1,0.125,0.0833333333333333,0,0,3,0,0,3,1,0,0,0.875,0.583333333333333,0.25,0.333333333333333,0.375,0.291666666666667,0.375,0.5,0.208333333333333,0,3,4,1,2,1,3,2,6,0,22,2,0,0.0416666666666667,0.208333333333333,1,0.125,0.0833333333333333,0,0,3,0,0,3,1,0,0,0.125,0,0.0416666666666667,0.958333333333333,0,0,0,0,3,3,1,0,0.666666666666667,0.916666666666667,0,0.791666666666667,0.708333333333333,4,3,0,3,2,12,3,1,0.875,0.708333333333333,0.375,0.875,0.708333333333333,0.375
"99","zheray",23,0.695652173913043,0.739130434782609,0.695652173913043,0.217391304347826,2,2,4,0,6,2,0,0.521739130434783,1,0.0869565217391304,0.173913043478261,0.0434782608695652,0.608695652173913,0.652173913043478,0.173913043478261,0,6,6,0,0,0,6,4,0,0,22,2,0,1,0,0.304347826086957,0.695652173913043,3,0,2,2,2,5,2,0,0.217391304347826,0.0869565217391304,0.695652173913043,0.217391304347826,0.0869565217391304,0,0,2,0,0,2,1,0,0,0.782608695652174,0,0.739130434782609,0,0.782608695652174,0.0434782608695652,0.0434782608695652,0,0.260869565217391,0,3,0,2,0,3,0,0,0,2,10,1,0,0.217391304347826,0.0869565217391304,0.695652173913043,0.217391304347826,0.0869565217391304,0,0,2,0,0,2,1,0,0.391304347826087,0.260869565217391,0,0,0.695652173913043,2,2,0,0,2,6,1,0,0,0.130434782608696,0.260869565217391,0.521739130434783,1,0,0,3,2,3,8,2,0,0.695652173913043,0.782608695652174,0.652173913043478,0.695652173913043,0.782608695652174,0.652173913043478
"100","zurmat",42,0.0714285714285714,0.952380952380952,0.0476190476190476,0.0714285714285714,0,0,6,0,0,1,0,0.738095238095238,0.80952380952381,0.738095238095238,0.761904761904762,0.0238095238095238,0.880952380952381,0.69047619047619,0.0238095238095238,0.619047619047619,6,6,6,9,0,9,4,0,2,42,3,1,0.880952380952381,0.0476190476190476,0.428571428571429,0.5,3,0,2,2,2,5,2,0,0,0.0714285714285714,0.285714285714286,0.404761904761905,0.30952380952381,0,0,1,2,1,4,1,0,0,0.380952380952381,0.19047619047619,0.571428571428571,0.0714285714285714,0.214285714285714,0.0238095238095238,0.238095238095238,0,0.285714285714286,0,1,0,2,0,0,0,0,0,2,5,1,0,0,0.0714285714285714,0.285714285714286,0.404761904761905,0.30952380952381,0,0,1,2,1,4,1,0,0.0238095238095238,0.0476190476190476,0,0.0714285714285714,0.857142857142857,0,0,0,0,3,3,1,0,0.166666666666667,0.238095238095238,0.0238095238095238,0.619047619047619,0.5,0,0,0,2,2,4,1,0,0.0476190476190476,0.30952380952381,0.142857142857143,0.0476190476190476,0.30952380952381,0.142857142857143
