"","district_reporting","total_settlements","school_not_attend_perc","no_edu_children_perc","children_removed_perc","no_edu_children","school_not_attend","children_removed","htr_eie_score","htr_eie_rank","htr_eie_rank_high","protect_incident_extreme_perc","protect_incident_severe_perc","gbv_incidents_perc","phys_injury_perc","no_tazkira_perc","explosive_extreme_perc","explosive_severe_perc","explosive_stress_perc","safety_rating_perc","protect_incident_extreme","protect_incident_severe","gbv_incidents","phys_injury","no_tazkira","explosive_extreme","explosive_severe","explosive_stress","safety_rating","htr_prot_score","htr_prot_rank","htr_prot_rank_high","nutrition_no_access_perc","malnut_extreme_perc","malnut_severe_perc","malnut_stress_perc","nutrition_no_access","malnut_extreme","malnut_severe","malnut_stress","malnutrition_score","htr_nut_score","htr_nut_rank","htr_nut_rank_high","unprotect_water_extreme_perc.x","unprotect_water_severe_perc.x","waste_disposal_severe_perc.x","water_no_access_perc.x","soap_access_perc.x","unprotect_water_extreme.x","unprotect_water_severe.x","waste_disposal_severe.x","water_no_access.x","soap_access.x","htr_wash_score.x","htr_wash_rank.x","htr_wash_high.x","hunger_extreme_perc","hunger_severe_perc","borrow_extreme_perc","borrow_severe_perc","reduced_food_extreme_perc","reduced_food_severe_perc","livestock_impact_extreme_perc","livestock_impact_severe_perc","ag_impact_extreme_perc","ag_impact_severe_perc","hunger_extreme","hunger_severe","borrow_extreme","borrow_severe","reduced_food_extreme","reduced_food_severe","livestock_impact_extreme","livestock_impact_severe","ag_impact_extreme","ag_impact_severe","htr_fsa_score","htr_fsa_rank","htr_fsa_rank_high","unprotect_water_extreme_perc.y","unprotect_water_severe_perc.y","waste_disposal_severe_perc.y","water_no_access_perc.y","soap_access_perc.y","unprotect_water_extreme.y","unprotect_water_severe.y","waste_disposal_severe.y","water_no_access.y","soap_access.y","htr_wash_score.y","htr_wash_rank.y","htr_wash_high.y","shelter_type_severe_perc","no_shelter_open_perc","shelter_destroyed_extreme_perc","shelter_destroyed_severe_perc","nfi_market_perc","shelter_type_severe","no_shelter_open","shelter_destroyed_extreme","shelter_destroyed_severe","nfi_market","htr_esnfi_score","htr_esnfi_rank","htr_esnfi_rank_high","more_people_died_perc","health_functioning_access_perc","health_closed_perc","birth_hospital_perc","health_prio_perc","more_people_died","health_functioning_access","health_closed","birth_hospital","health_prio","htr_health_score","htr_health_rank","htr_health_rank_high"
"1","ab_band",18,0.888888888888889,0.277777777777778,0.777777777777778,2,4,8,14,4,1,0.944444444444444,0.833333333333333,0.388888888888889,0.611111111111111,0.5,0.444444444444444,0.111111111111111,0.388888888888889,0.277777777777778,6,4,3,6,1,3,0,1,2,26,3,1,0.666666666666667,0,0.333333333333333,0.277777777777778,6,0,2,1,2,8,3,1,0,0.333333333333333,0.555555555555556,0,0.333333333333333,0,4,1,0,1,6,2,0,0,0.111111111111111,0,0.166666666666667,0,0.0555555555555556,0.333333333333333,0.111111111111111,0,0.111111111111111,0,0,0,0,0,0,3,0,0,0,3,1,0,0,0.333333333333333,0.555555555555556,0,0.333333333333333,0,4,1,0,1,6,2,0,0,0.166666666666667,0,0,0.555555555555556,0,0,0,0,2,2,1,0,0.388888888888889,0.333333333333333,0.5,0.222222222222222,0.333333333333333,1,3,3,0,2,9,3,1
"2","alishang",33,0.0909090909090909,0.0606060606060606,0.393939393939394,0,0,8,8,3,1,0.545454545454545,0.545454545454545,0.363636363636364,0.636363636363636,0.0303030303030303,0.181818181818182,0.181818181818182,0.181818181818182,0.212121212121212,6,4,3,6,0,0,0,0,0,19,2,0,0.848484848484849,0.212121212121212,0.393939393939394,0.393939393939394,6,0,2,1,2,8,3,1,0.181818181818182,0.181818181818182,0.96969696969697,0.0606060606060606,0,3,2,2,0,0,7,2,0,0.0606060606060606,0.242424242424242,0.181818181818182,0.545454545454545,0.0303030303030303,0.121212121212121,0.424242424242424,0.393939393939394,0.0303030303030303,0.424242424242424,0,2,0,2,0,0,3,1,0,1,9,2,0,0.181818181818182,0.181818181818182,0.96969696969697,0.0606060606060606,0,3,2,2,0,0,7,2,0,0,0.303030303030303,0,0.181818181818182,0.909090909090909,0,1,0,0,4,5,2,0,0.575757575757576,0,0.0606060606060606,0.272727272727273,0.636363636363636,2,0,0,1,4,7,2,0
"3","almar",36,0.555555555555556,0.0833333333333333,0.333333333333333,0,4,8,12,4,1,0.0277777777777778,0.305555555555556,0.0555555555555556,0.111111111111111,0.0833333333333333,0,0,0,0.0277777777777778,0,2,0,0,0,0,0,0,0,2,1,0,0.833333333333333,0,0.138888888888889,0.861111111111111,6,0,0,2,2,8,3,1,0.194444444444444,0.111111111111111,1,0.0555555555555556,0,3,0,2,0,0,5,2,0,0,0.111111111111111,0.138888888888889,0.638888888888889,0.0555555555555556,0.666666666666667,0,0.0555555555555556,0,0.0277777777777778,0,0,0,2,0,2,0,0,0,0,4,1,0,0.194444444444444,0.111111111111111,1,0.0555555555555556,0,3,0,2,0,0,5,2,0,0.138888888888889,0.25,0,0.138888888888889,0.888888888888889,0,0,0,0,4,4,1,0,0.0833333333333333,0.388888888888889,0.222222222222222,0.444444444444444,0.777777777777778,0,3,0,1,4,8,2,0
"4","andar",44,0.977272727272727,0.204545454545455,0.977272727272727,0,4,8,12,4,1,1,0.818181818181818,0.318181818181818,0.0681818181818182,0,0.204545454545455,0.204545454545455,0.0227272727272727,0.0681818181818182,6,4,3,0,0,0,0,0,0,13,2,0,0.909090909090909,0.181818181818182,0.454545454545455,0.363636363636364,6,0,2,1,2,8,3,1,0,0.0454545454545455,0.954545454545455,0.340909090909091,0,0,0,2,3,0,5,2,0,0,0.0454545454545455,0.159090909090909,0.704545454545455,0.318181818181818,0.545454545454545,0.113636363636364,0.159090909090909,0.0681818181818182,0.568181818181818,0,0,0,2,2,2,0,0,0,2,8,1,0,0,0.0454545454545455,0.954545454545455,0.340909090909091,0,0,0,2,3,0,5,2,0,0,0.795454545454545,0.0227272727272727,0.0454545454545455,0.931818181818182,0,2,0,0,4,6,2,0,0.0227272727272727,0.727272727272727,0.181818181818182,0.704545454545455,0.613636363636364,0,6,0,2,4,12,3,1
"5","andkhoy",22,0.318181818181818,0.681818181818182,0.727272727272727,4,2,8,14,4,1,0.0454545454545455,0.0909090909090909,0.181818181818182,0.409090909090909,0,0.0909090909090909,0.0454545454545455,0.0909090909090909,0.181818181818182,0,0,0,3,0,0,0,0,0,3,1,0,0.318181818181818,0.136363636363636,0.818181818181818,0.0454545454545455,3,0,4,0,4,7,3,1,0,0.590909090909091,0.681818181818182,0.0909090909090909,0.0454545454545455,0,4,1,0,0,5,2,0,0,0,0,0.136363636363636,0.0454545454545455,0.181818181818182,0.454545454545455,0,0.0454545454545455,0.454545454545455,0,0,0,0,0,0,3,0,0,1,4,1,0,0,0.590909090909091,0.681818181818182,0.0909090909090909,0.0454545454545455,0,4,1,0,0,5,2,0,0,0.136363636363636,0,0.272727272727273,0.772727272727273,0,0,0,2,4,6,2,0,0.181818181818182,0.181818181818182,0.0454545454545455,0.181818181818182,0.454545454545455,0,0,0,0,2,2,1,0
"6","arghandab_zabul",32,0.78125,0.59375,0,4,4,0,8,3,1,0.59375,0.8125,0.15625,0,0.0625,0,0,0,0,6,4,0,0,0,0,0,0,0,10,1,0,0.90625,0,0,0.9375,6,0,0,2,2,8,3,1,0.625,0.21875,0.125,0,0.1875,6,2,0,0,0,8,2,0,0,0.09375,0.03125,0.34375,0,0.09375,0,0.09375,0,0.0625,0,0,0,1,0,0,0,0,0,0,1,1,0,0.625,0.21875,0.125,0,0.1875,6,2,0,0,0,8,2,0,0,0.03125,0,0.0625,1,0,0,0,0,4,4,1,0,0.25,0.78125,0.03125,1,0.34375,0,6,0,2,2,10,3,1
"7","arghestan",49,0.918367346938776,0.836734693877551,0.244897959183673,4,4,4,12,4,1,0.877551020408163,0.857142857142857,0.73469387755102,0.775510204081633,0.693877551020408,0.673469387755102,0.673469387755102,0.571428571428571,0.530612244897959,6,4,6,6,2,6,4,2,4,40,4,1,0.959183673469388,0.122448979591837,0.571428571428571,0.306122448979592,6,0,4,1,4,10,4,1,0.163265306122449,0.489795918367347,1,0.142857142857143,0.346938775510204,3,4,2,0,1,10,3,1,0.122448979591837,0.387755102040816,0.244897959183673,0.489795918367347,0.285714285714286,0.224489795918367,0.428571428571429,0.346938775510204,0.122448979591837,0.142857142857143,0,4,0,1,2,0,3,1,0,0,11,2,0,0.163265306122449,0.489795918367347,1,0.142857142857143,0.346938775510204,3,4,2,0,1,10,3,1,0,0.510204081632653,0,0.0612244897959184,0.836734693877551,0,2,0,0,4,6,2,0,0.530612244897959,0.918367346938776,0.0204081632653061,0.918367346938776,0.73469387755102,2,6,0,2,4,14,3,1
"8","baghlan_e_jadid",47,0.723404255319149,0.0425531914893617,0.234042553191489,0,4,4,8,3,1,0.25531914893617,0.957446808510638,0.957446808510638,0.170212765957447,0,0.148936170212766,0.446808510638298,0.425531914893617,0,3,4,6,0,0,0,2,1,0,16,2,0,0.319148936170213,0,0,1,3,0,0,2,2,5,2,0,0.191489361702128,0.276595744680851,0.404255319148936,0.170212765957447,0,3,2,0,0,0,5,2,0,0,0.0212765957446809,0,0,0,0,0.191489361702128,0.361702127659574,0.0425531914893617,0,0,0,0,0,0,0,0,1,0,0,1,1,0,0.191489361702128,0.276595744680851,0.404255319148936,0.170212765957447,0,3,2,0,0,0,5,2,0,0.148936170212766,0,0,0,0.170212765957447,0,0,0,0,0,0,1,0,0.0212765957446809,0.127659574468085,0.0638297872340425,0.106382978723404,0.148936170212766,0,0,0,0,0,0,1,0
"9","baghran",38,1,0.894736842105263,0.0263157894736842,4,4,0,8,3,1,0.447368421052632,0.447368421052632,0.289473684210526,0.5,0.289473684210526,0,0,0,0,3,2,3,3,1,0,0,0,0,12,2,0,0.868421052631579,0.710526315789474,0.210526315789474,0.0789473684210526,6,6,0,0,6,12,4,1,0.0526315789473684,0.131578947368421,0.973684210526316,0.263157894736842,0.0789473684210526,0,0,2,3,0,5,2,0,0.0263157894736842,0.289473684210526,0.0263157894736842,0.394736842105263,0.0789473684210526,0.263157894736842,0.210526315789474,0.157894736842105,0.0526315789473684,0.157894736842105,0,2,0,1,0,1,0,0,0,0,4,1,0,0.0526315789473684,0.131578947368421,0.973684210526316,0.263157894736842,0.0789473684210526,0,0,2,3,0,5,2,0,0,0.473684210526316,0,0,0.921052631578947,0,1,0,0,4,5,2,0,0.289473684210526,0.710526315789474,0.0526315789473684,0.921052631578947,0.631578947368421,1,6,0,2,4,13,3,1
"10","bakwa",25,1,0.64,0.12,4,4,0,8,3,1,0.32,0.92,0,0.32,0,0,0.04,0,0.04,3,4,0,3,0,0,0,0,0,10,1,0,0.4,0.04,0.16,0.4,3,0,0,1,1,4,2,0,0,0.12,0.96,0,0.16,0,0,2,0,0,2,1,0,0,0,0,0,0,0,0,0,0,0,0,0,0,0,0,0,0,0,0,0,0,1,0,0,0.12,0.96,0,0.16,0,0,2,0,0,2,1,0,0,0,0,0,0.72,0,0,0,0,2,2,1,0,0.2,0.36,0.04,0.4,0.8,0,3,0,1,4,8,2,0
"11","bala_buluk",30,1,0.866666666666667,0.166666666666667,4,4,4,12,4,1,0.733333333333333,0.966666666666667,0,0.666666666666667,0,0.533333333333333,0.566666666666667,0.533333333333333,0.133333333333333,6,4,0,6,0,6,4,2,0,28,3,1,0.8,0.0333333333333333,0.0333333333333333,0.9,6,0,0,2,2,8,3,1,0.0666666666666667,0.366666666666667,1,0.0333333333333333,0.633333333333333,0,4,2,0,2,8,2,0,0,0,0.0333333333333333,0.7,0.0333333333333333,0.766666666666667,0.8,0.1,0.133333333333333,0.533333333333333,0,0,0,2,0,2,6,0,0,2,12,2,0,0.0666666666666667,0.366666666666667,1,0.0333333333333333,0.633333333333333,0,4,2,0,2,8,2,0,0,0.2,0.166666666666667,0.1,0.866666666666667,0,0,0,0,4,4,1,0,0.0333333333333333,0.666666666666667,0.3,0.766666666666667,1,0,6,3,2,4,15,4,1
"12","bala_murghab",34,1,0.911764705882353,0.117647058823529,4,4,0,8,3,1,0.588235294117647,0.264705882352941,0.176470588235294,0.411764705882353,0.852941176470588,0.0882352941176471,0.0882352941176471,0.0294117647058824,0.176470588235294,6,2,0,3,2,0,0,0,0,13,2,0,1,0.705882352941177,0.294117647058824,0,6,6,2,0,6,12,4,1,0.617647058823529,0.352941176470588,1,0.470588235294118,0.588235294117647,6,4,2,3,2,17,4,1,0.0294117647058824,0.970588235294118,0.529411764705882,0.382352941176471,0.0588235294117647,0.588235294117647,0.382352941176471,0.294117647058824,0.176470588235294,0.323529411764706,0,4,4,1,0,2,3,1,0,1,16,2,0,0.617647058823529,0.352941176470588,1,0.470588235294118,0.588235294117647,6,4,2,3,2,17,4,1,0.352941176470588,0.0588235294117647,0.0588235294117647,0.294117647058824,0.823529411764706,2,0,0,2,4,8,2,0,0.147058823529412,0.882352941176471,0.176470588235294,0.970588235294118,0.470588235294118,0,6,0,2,2,10,3,1
"13","bar_kunar",15,0.0666666666666667,0.4,0,2,0,0,2,1,0,0.466666666666667,0.133333333333333,0.0666666666666667,0,0.2,0,0,0,0,3,0,0,0,0,0,0,0,0,3,1,0,0.6,0,0.333333333333333,0.666666666666667,6,0,2,2,2,8,3,1,0.866666666666667,0,0.266666666666667,0.866666666666667,0.133333333333333,6,0,0,6,0,12,3,1,0,0,0,0,0,0,0.133333333333333,0.2,0.0666666666666667,0,0,0,0,0,0,0,0,0,0,0,0,1,0,0.866666666666667,0,0.266666666666667,0.866666666666667,0.133333333333333,6,0,0,6,0,12,3,1,0,0,0,0,0.866666666666667,0,0,0,0,4,4,1,0,0,0.666666666666667,0,0.133333333333333,0.6,0,6,0,0,4,10,3,1
"14","barmal",34,1,0.911764705882353,0,4,4,0,8,3,1,0.676470588235294,0.352941176470588,0,0.352941176470588,0.117647058823529,0.0294117647058824,0,0,0.0294117647058824,6,2,0,3,0,0,0,0,0,11,2,0,0.970588235294118,0.588235294117647,0.264705882352941,0.117647058823529,6,6,2,0,6,12,4,1,0,0.294117647058824,0.941176470588235,0.0294117647058824,0.264705882352941,0,2,2,0,1,5,2,0,0.0294117647058824,0.147058823529412,0.0294117647058824,0.529411764705882,0.117647058823529,0.470588235294118,0.676470588235294,0.235294117647059,0.0882352941176471,0.352941176470588,0,0,0,2,0,1,6,0,0,1,10,2,0,0,0.294117647058824,0.941176470588235,0.0294117647058824,0.264705882352941,0,2,2,0,1,5,2,0,0.147058823529412,0.411764705882353,0.0588235294117647,0.0294117647058824,0.529411764705882,0,1,0,0,2,3,1,0,0,0.764705882352941,0.147058823529412,0.941176470588235,0.676470588235294,0,6,0,2,4,12,3,1
"15","bilcheragh",6,0.666666666666667,0,0.833333333333333,0,4,8,12,4,1,0.833333333333333,1,1,0.5,0,0.166666666666667,0.333333333333333,0.333333333333333,0.333333333333333,6,4,6,3,0,0,2,1,2,24,3,1,0.833333333333333,0.166666666666667,0.333333333333333,0.166666666666667,6,0,2,0,2,8,3,1,0.166666666666667,0.5,1,0,0.333333333333333,3,4,2,0,1,10,3,1,0,0,0,0,0,0,0,0.166666666666667,0,0,0,0,0,0,0,0,0,0,0,0,0,1,0,0.166666666666667,0.5,1,0,0.333333333333333,3,4,2,0,1,10,3,1,0.5,0,0,0.166666666666667,1,2,0,0,0,4,6,2,0,0.166666666666667,0.166666666666667,0,0.5,0.833333333333333,0,0,0,1,4,5,2,0
"16","chahar_darah",51,0.901960784313726,0.117647058823529,0.313725490196078,0,4,4,8,3,1,0.0784313725490196,0.0784313725490196,0.0784313725490196,0.235294117647059,0,0.0784313725490196,0.0980392156862745,0.0784313725490196,0.0784313725490196,0,0,0,0,0,0,0,0,0,0,1,0,0.96078431372549,0,0.490196078431373,0.450980392156863,6,0,2,1,2,8,3,1,0.0784313725490196,0.588235294117647,0.941176470588235,0.411764705882353,0.274509803921569,0,4,2,3,1,10,3,1,0,0.745098039215686,0,0.686274509803922,0,0.627450980392157,0.0196078431372549,0.137254901960784,0,0.254901960784314,0,4,0,2,0,2,0,0,0,0,8,1,0,0.0784313725490196,0.588235294117647,0.941176470588235,0.411764705882353,0.274509803921569,0,4,2,3,1,10,3,1,0.0980392156862745,0.137254901960784,0.0196078431372549,0.0980392156862745,0.980392156862745,0,0,0,0,4,4,1,0,0.980392156862745,0.862745098039216,0.0980392156862745,0.764705882352941,0.803921568627451,2,6,0,2,4,14,3,1
"17","chak_e_wardak",37,0.783783783783784,0.216216216216216,0.486486486486487,0,4,8,12,4,1,0.72972972972973,0.810810810810811,0.567567567567568,0.567567567567568,0.027027027027027,0.324324324324324,0.378378378378378,0.135135135135135,0.810810810810811,6,4,6,6,0,3,2,0,4,31,4,1,0.594594594594595,0.459459459459459,0.027027027027027,0.486486486486487,6,3,0,1,1,7,3,1,0.108108108108108,0.0810810810810811,1,0.0810810810810811,0.027027027027027,0,0,2,0,0,2,1,0,0,0.108108108108108,0.459459459459459,0.027027027027027,0.108108108108108,0.135135135135135,0,0.594594594594595,0.0540540540540541,0.378378378378378,0,0,2,0,0,0,0,2,0,1,5,1,0,0.108108108108108,0.0810810810810811,1,0.0810810810810811,0.027027027027027,0,0,2,0,0,2,1,0,0,0.027027027027027,0,0.0810810810810811,0.540540540540541,0,0,0,0,2,2,1,0,0.486486486486487,0.108108108108108,0.675675675675676,0.540540540540541,0.837837837837838,1,0,6,2,4,13,3,1
"18","chapa_dara",23,0.478260869565217,0.391304347826087,0.173913043478261,2,2,4,8,3,1,0.695652173913043,0.695652173913043,0.434782608695652,0.260869565217391,0.130434782608696,0.217391304347826,0.217391304347826,0.0434782608695652,0.347826086956522,6,4,3,3,0,0,0,0,2,18,2,0,0.782608695652174,0.0869565217391304,0.217391304347826,0.695652173913043,6,0,0,2,2,8,3,1,0.304347826086957,0.130434782608696,0.956521739130435,0.0434782608695652,0.608695652173913,3,0,2,0,2,7,2,0,0,0.260869565217391,0.0869565217391304,0.478260869565217,0.0869565217391304,0.217391304347826,0.391304347826087,0.260869565217391,0.391304347826087,0.0434782608695652,0,2,0,1,0,0,3,1,2,0,9,2,0,0.304347826086957,0.130434782608696,0.956521739130435,0.0434782608695652,0.608695652173913,3,0,2,0,2,7,2,0,0.0434782608695652,0,0,0.0434782608695652,0.869565217391304,0,0,0,0,4,4,1,0,0.217391304347826,0.565217391304348,0.173913043478261,0.782608695652174,0.260869565217391,0,6,0,2,2,10,3,1
"19","chaparhar",41,0.0731707317073171,0,0.268292682926829,0,0,4,4,2,0,0.560975609756098,0.365853658536585,0.292682926829268,0.219512195121951,0,0.0731707317073171,0.170731707317073,0.146341463414634,0,6,2,3,0,0,0,0,0,0,11,2,0,0.780487804878049,0.585365853658537,0.414634146341463,0,6,6,2,0,6,12,4,1,0,0.0487804878048781,1,0,0.0487804878048781,0,0,2,0,0,2,1,0,0,0,0,0.219512195121951,0,0.024390243902439,0.0487804878048781,0.121951219512195,0.24390243902439,0.51219512195122,0,0,0,0,0,0,0,0,0,2,2,1,0,0,0.0487804878048781,1,0,0.0487804878048781,0,0,2,0,0,2,1,0,0,0.219512195121951,0,0,0.878048780487805,0,0,0,0,4,4,1,0,0.024390243902439,0.0731707317073171,0.146341463414634,0.609756097560976,0.609756097560976,0,0,0,2,4,6,2,0
"20","charsadra",15,1,0.533333333333333,1,4,4,8,16,4,1,1,1,0.933333333333333,1,0,0.6,0.133333333333333,0,0.0666666666666667,6,4,6,6,0,6,0,0,0,28,3,1,0.933333333333333,0.133333333333333,0.866666666666667,0,6,0,4,0,4,10,4,1,0.0666666666666667,0.266666666666667,0.933333333333333,0.4,0.866666666666667,0,2,2,3,2,9,3,1,0,0.6,0,0.333333333333333,0,0.266666666666667,0.2,0.533333333333333,0,0,0,4,0,1,0,1,0,2,0,0,8,1,0,0.0666666666666667,0.266666666666667,0.933333333333333,0.4,0.866666666666667,0,2,2,3,2,9,3,1,0.666666666666667,0,0,0.6,0.933333333333333,4,0,0,4,4,12,3,1,0.733333333333333,0.733333333333333,0.0666666666666667,0.866666666666667,0.733333333333333,2,6,0,2,4,14,3,1
"21","chinarto",17,1,0.882352941176471,0.882352941176471,4,4,8,16,4,1,1,1,1,1,0.0588235294117647,0.941176470588235,0.882352941176471,1,0.352941176470588,6,4,6,6,0,6,4,2,2,36,4,1,1,0.0588235294117647,0.352941176470588,0.588235294117647,6,0,2,2,2,8,3,1,0.470588235294118,0.117647058823529,1,0,0.764705882352941,6,0,2,0,2,10,3,1,0,0,0,0.0588235294117647,0,0,0.0588235294117647,0.235294117647059,0.235294117647059,0.352941176470588,0,0,0,0,0,0,0,0,0,1,1,1,0,0.470588235294118,0.117647058823529,1,0,0.764705882352941,6,0,2,0,2,10,3,1,0.117647058823529,0.117647058823529,0.705882352941177,0.294117647058824,0.941176470588235,0,0,6,2,4,12,3,1,1,0.941176470588235,0.176470588235294,0.941176470588235,0.705882352941177,2,6,0,2,4,14,3,1
"22","chora",12,1,0.75,0.833333333333333,4,4,8,16,4,1,0.583333333333333,0.833333333333333,0.166666666666667,1,0,0.666666666666667,0,0,0.166666666666667,6,4,0,6,0,6,0,0,0,22,3,1,1,0.583333333333333,0.166666666666667,0.25,6,6,0,0,6,12,4,1,0,0.75,0.916666666666667,0.0833333333333333,0,0,4,2,0,0,6,2,0,0,0.666666666666667,0.166666666666667,0.75,0.666666666666667,0.25,0,0.166666666666667,0.416666666666667,0.333333333333333,0,4,0,2,4,0,0,0,2,1,13,2,0,0,0.75,0.916666666666667,0.0833333333333333,0,0,4,2,0,0,6,2,0,0.0833333333333333,0.166666666666667,0.833333333333333,0.0833333333333333,1,0,0,6,0,4,10,3,1,1,0.666666666666667,1,0.75,0.833333333333333,2,6,6,2,4,20,4,1
"23","dahana_e_ghori",25,1,0,0.64,0,4,8,12,4,1,0.72,1,1,0.64,0.04,0.72,0.72,0.08,0.2,6,4,6,6,0,6,4,0,0,32,4,1,0.96,0,0,1,6,0,0,2,2,8,3,1,0.36,0.48,1,0.12,0.04,6,4,2,0,0,12,3,1,0,0,0,0,0,0,0.64,0.28,0,0,0,0,0,0,0,0,6,1,0,0,7,1,0,0.36,0.48,1,0.12,0.04,6,4,2,0,0,12,3,1,0.16,0,0,0,0.68,0,0,0,0,2,2,1,0,0.56,0.68,0.04,0.56,0.04,2,6,0,2,0,10,3,1
"24","dara_e_pech",34,1,0.0294117647058824,0.0588235294117647,0,4,0,4,2,0,0.5,1,1,1,0,0,0.205882352941176,0,0.676470588235294,3,4,6,6,0,0,0,0,4,23,3,1,1,0,0.0294117647058824,0.970588235294118,6,0,0,2,2,8,3,1,0,0.323529411764706,0.0294117647058824,0.911764705882353,0.0294117647058824,0,2,0,6,0,8,2,0,0,1,0,0.235294117647059,0,0.0294117647058824,0.0588235294117647,0.147058823529412,0,0,0,4,0,0,0,0,0,0,0,0,4,1,0,0,0.323529411764706,0.0294117647058824,0.911764705882353,0.0294117647058824,0,2,0,6,0,8,2,0,0,0.0588235294117647,0,0,0.852941176470588,0,0,0,0,4,4,1,0,1,0.558823529411765,0.0588235294117647,0.5,1,2,6,0,1,4,13,3,1
"25","dasht_e_archi",26,0.153846153846154,0.0769230769230769,0.0769230769230769,0,0,0,0,1,0,1,1,0,0.461538461538462,0.384615384615385,0.153846153846154,0.230769230769231,0.0769230769230769,0.115384615384615,6,4,0,3,1,0,0,0,0,14,2,0,0.384615384615385,0.423076923076923,0.307692307692308,0.269230769230769,3,3,2,1,2,5,2,0,0.576923076923077,0.153846153846154,1,0.346153846153846,0.0384615384615385,6,0,2,3,0,11,3,1,0,0.423076923076923,0,0.846153846153846,0.0384615384615385,0.269230769230769,0.230769230769231,0.653846153846154,0.192307692307692,0.384615384615385,0,4,0,2,0,1,0,2,0,1,10,2,0,0.576923076923077,0.153846153846154,1,0.346153846153846,0.0384615384615385,6,0,2,3,0,11,3,1,0.0769230769230769,0.230769230769231,0,0.0384615384615385,0.538461538461538,0,0,0,0,2,2,1,0,0.153846153846154,0,0.0769230769230769,0.307692307692308,0.307692307692308,0,0,0,1,2,3,1,0
"26","dawlat_abad_faryab",14,1,1,1,4,4,8,16,4,1,1,0.928571428571429,0.428571428571429,0.857142857142857,0,0.714285714285714,0.714285714285714,0.642857142857143,0.571428571428571,6,4,3,6,0,6,4,2,4,35,4,1,1,0.357142857142857,0.571428571428571,0.0714285714285714,6,3,4,0,4,10,4,1,0.142857142857143,0.285714285714286,0.928571428571429,0.214285714285714,0.357142857142857,0,2,2,0,1,5,2,0,0,0.214285714285714,0.0714285714285714,0.857142857142857,0.357142857142857,0.642857142857143,0.928571428571429,0,0.214285714285714,0.142857142857143,0,2,0,2,2,2,6,0,0,0,14,2,0,0.142857142857143,0.285714285714286,0.928571428571429,0.214285714285714,0.357142857142857,0,2,2,0,1,5,2,0,0.285714285714286,0.928571428571429,0.428571428571429,0,0.5,2,2,3,0,0,7,2,0,0.928571428571429,0.785714285714286,0.5,0.857142857142857,0.714285714285714,2,6,3,2,4,17,4,1
"27","daychopan",26,1,0.961538461538462,0,4,4,0,8,3,1,0.423076923076923,0.769230769230769,0.0384615384615385,0.346153846153846,0.0384615384615385,0.0769230769230769,0.115384615384615,0.0384615384615385,0.269230769230769,3,4,0,3,0,0,0,0,2,12,2,0,0.961538461538462,0,0,0.115384615384615,6,0,0,0,0,6,2,0,0.653846153846154,0.153846153846154,1,0,0.423076923076923,6,0,2,0,1,9,3,1,0,0,0,0,0,0,0,0.153846153846154,0.0769230769230769,0.230769230769231,0,0,0,0,0,0,0,0,0,0,0,1,0,0.653846153846154,0.153846153846154,1,0,0.423076923076923,6,0,2,0,1,9,3,1,0,0,0,0,1,0,0,0,0,4,4,1,0,0.0384615384615385,1,0,0.923076923076923,0.846153846153846,0,6,0,2,4,12,3,1
"28","deh_bala",26,0.384615384615385,0.346153846153846,0.230769230769231,2,2,4,8,3,1,0.5,0.461538461538462,0.153846153846154,0.384615384615385,0,0.384615384615385,0.384615384615385,0.346153846153846,0.346153846153846,3,2,0,3,0,3,2,1,2,16,2,0,0.653846153846154,0.115384615384615,0.5,0.384615384615385,6,0,2,1,2,8,3,1,0,0.230769230769231,1,0.0769230769230769,0.346153846153846,0,2,2,0,1,5,2,0,0.0384615384615385,0.461538461538462,0.230769230769231,0.730769230769231,0.0384615384615385,0.307692307692308,0.346153846153846,0,0.230769230769231,0.0769230769230769,0,4,0,2,0,1,3,0,0,0,10,2,0,0,0.230769230769231,1,0.0769230769230769,0.346153846153846,0,2,2,0,1,5,2,0,0,0.0384615384615385,0.0384615384615385,0.192307692307692,1,0,0,0,0,4,4,1,0,0.115384615384615,0.307692307692308,0.192307692307692,0.307692307692308,0.576923076923077,0,3,0,1,4,8,2,0
"29","deh_e_shu",32,1,0.84375,0,4,4,0,8,3,1,0,0,0.03125,0.03125,0.09375,0.09375,0.0625,0.03125,0,0,0,0,0,0,0,0,0,0,0,1,0,1,0,0.125,0.78125,6,0,0,2,2,8,3,1,0.53125,0.46875,0.9375,0,0.6875,6,4,2,0,2,14,3,1,0,0,0.34375,0.46875,0.40625,0.34375,0.125,0.6875,0.46875,0.0625,0,0,2,1,2,1,0,2,2,0,10,2,0,0.53125,0.46875,0.9375,0,0.6875,6,4,2,0,2,14,3,1,0.03125,0.09375,0.03125,0.1875,0.9375,0,0,0,0,4,4,1,0,0,0.9375,0,0.9375,1,0,6,0,2,4,12,3,1
"30","deh_yak",15,1,0.2,0.133333333333333,0,4,0,4,2,0,1,1,0.133333333333333,0.533333333333333,0,0.2,0.133333333333333,0.2,0.266666666666667,6,4,0,6,0,0,0,0,2,18,2,0,0.4,0.466666666666667,0.266666666666667,0.266666666666667,3,3,2,1,2,5,2,0,0,0.733333333333333,0.266666666666667,0,0,0,4,0,0,0,4,1,0,0,0.0666666666666667,0.0666666666666667,0,0.0666666666666667,0,0.133333333333333,0.533333333333333,0,0.133333333333333,0,0,0,0,0,0,0,2,0,0,2,1,0,0,0.733333333333333,0.266666666666667,0,0,0,4,0,0,0,4,1,0,0,0.2,0.0666666666666667,0,0.733333333333333,0,0,0,0,2,2,1,0,0.133333333333333,0.133333333333333,0,0.533333333333333,0.6,0,0,0,2,4,6,2,0
"31","dehrawud",25,1,0.56,0,4,4,0,8,3,1,0,0.08,0,0.04,0,0.2,0.2,0,0,0,0,0,0,0,0,0,0,0,0,1,0,0.72,0.28,0.64,0.04,6,3,4,0,4,10,4,1,0,0.24,0.92,0,0.16,0,2,2,0,0,4,1,0,0.04,0.4,0,0.44,0,0.2,0.04,0,0,0,0,4,0,1,0,0,0,0,0,0,5,1,0,0,0.24,0.92,0,0.16,0,2,2,0,0,4,1,0,0.08,0.04,0,0,0.68,0,0,0,0,2,2,1,0,0,0.44,0.04,0.52,0.92,0,3,0,2,4,9,3,1
"32","eshkmesh",16,0.3125,0.1875,0.8125,0,2,8,10,3,1,0.625,0.625,1,0.625,0,0.5625,0.5625,0.625,0.3125,6,4,6,6,0,6,4,2,2,36,4,1,0.875,0,0.8125,0.1875,6,0,4,0,4,10,4,1,0.1875,0.5625,0.625,0.0625,0,3,4,1,0,0,8,2,0,0,0.75,0.3125,0.5,0.125,0.8125,0.5,0.5,0.5,0.1875,0,4,2,1,0,2,3,1,2,0,15,2,0,0.1875,0.5625,0.625,0.0625,0,3,4,1,0,0,8,2,0,0,0.375,0.1875,0.3125,0,0,1,0,2,0,3,1,0,0.375,0.4375,0.875,0.4375,0.1875,1,3,6,1,0,11,3,1
"33","farah",33,0.303030303030303,0.242424242424242,0.575757575757576,0,2,8,10,3,1,0.909090909090909,0.818181818181818,0.727272727272727,0.696969696969697,0,0.181818181818182,0.151515151515152,0.0606060606060606,0.96969696969697,6,4,6,6,0,0,0,0,4,26,3,1,0.818181818181818,0.0303030303030303,0,0.909090909090909,6,0,0,2,2,8,3,1,0,0,0.878787878787879,0.0303030303030303,0.363636363636364,0,0,2,0,1,3,1,0,0.0606060606060606,0.363636363636364,0.121212121212121,0.696969696969697,0.0303030303030303,0.303030303030303,0.393939393939394,0.181818181818182,0,0.0606060606060606,0,4,0,2,0,1,3,0,0,0,10,2,0,0,0,0.878787878787879,0.0303030303030303,0.363636363636364,0,0,2,0,1,3,1,0,0.181818181818182,0.272727272727273,0.0303030303030303,0.0606060606060606,0.909090909090909,0,1,0,0,4,5,2,0,0.121212121212121,0.424242424242424,0.0909090909090909,0.151515151515152,0.848484848484849,0,3,0,0,4,7,2,0
"34","garmser",36,0.916666666666667,0.0277777777777778,0.916666666666667,0,4,8,12,4,1,1,0.944444444444444,1,0.694444444444444,0.0277777777777778,0.972222222222222,0.972222222222222,0.916666666666667,1,6,4,6,6,0,6,4,2,4,38,4,1,1,1,0,0,6,6,0,0,6,12,4,1,0.388888888888889,0,1,0,0,6,0,2,0,0,8,2,0,0,0.138888888888889,0,0.25,0.0833333333333333,0.222222222222222,0.0555555555555556,0.944444444444444,0.194444444444444,0.611111111111111,0,0,0,0,0,0,0,2,0,2,4,1,0,0.388888888888889,0,1,0,0,6,0,2,0,0,8,2,0,0,0.222222222222222,0.194444444444444,0.222222222222222,0.111111111111111,0,0,0,0,0,0,1,0,0,0.0277777777777778,0.638888888888889,0.916666666666667,0.222222222222222,0,0,6,2,0,8,2,0
"35","garzewan",30,0.866666666666667,0.4,0.633333333333333,2,4,8,14,4,1,1,1,0.966666666666667,1,0,0.933333333333333,0.933333333333333,0.9,0.666666666666667,6,4,6,6,0,6,4,2,4,38,4,1,1,0.1,0.266666666666667,0.6,6,0,2,2,2,8,3,1,0.833333333333333,0,1,0.333333333333333,0.0333333333333333,6,0,2,3,0,11,3,1,0.0333333333333333,0.9,0.133333333333333,0.733333333333333,0,0.466666666666667,0.4,0.266666666666667,0.0666666666666667,0.2,0,4,0,2,0,1,3,1,0,0,11,2,0,0.833333333333333,0,1,0.333333333333333,0.0333333333333333,6,0,2,3,0,11,3,1,0.166666666666667,0.333333333333333,0.133333333333333,0.4,0.866666666666667,0,1,0,2,4,7,2,0,0.833333333333333,0.3,0.0666666666666667,0.8,0.9,2,3,0,2,4,11,3,1
"36","ghazi_abad",23,0.565217391304348,0.0434782608695652,0,0,4,0,4,2,0,0.695652173913043,0.869565217391304,0,0.434782608695652,0.173913043478261,0,0.0434782608695652,0,0,6,4,0,3,0,0,0,0,0,13,2,0,0.565217391304348,0.0434782608695652,0.304347826086957,0.434782608695652,6,0,2,1,2,8,3,1,0.434782608695652,0.304347826086957,0.0434782608695652,0.0434782608695652,0.173913043478261,6,2,0,0,0,8,2,0,0.0434782608695652,0.0869565217391304,0.0434782608695652,0.347826086956522,0,0,0.0869565217391304,0.217391304347826,0,0.0869565217391304,0,0,0,1,0,0,0,0,0,0,1,1,0,0.434782608695652,0.304347826086957,0.0434782608695652,0.0434782608695652,0.173913043478261,6,2,0,0,0,8,2,0,0,0.0434782608695652,0,0,0.826086956521739,0,0,0,0,4,4,1,0,0.391304347826087,0.521739130434783,0,0.565217391304348,0.565217391304348,1,6,0,2,4,13,3,1
"37","ghorak",17,1,1,0.705882352941177,4,4,8,16,4,1,0.882352941176471,0.882352941176471,0.176470588235294,0.411764705882353,0,0.588235294117647,0.529411764705882,0.235294117647059,0.117647058823529,6,4,0,3,0,6,4,0,0,23,3,1,0.705882352941177,0.0588235294117647,0.470588235294118,0.470588235294118,6,0,2,1,2,8,3,1,0.176470588235294,0.235294117647059,1,0.294117647058824,0,3,2,2,3,0,10,3,1,0,0,0.176470588235294,0.352941176470588,0.235294117647059,0.411764705882353,0,0.823529411764706,0.176470588235294,0.0588235294117647,0,0,0,1,0,1,0,2,0,0,4,1,0,0.176470588235294,0.235294117647059,1,0.294117647058824,0,3,2,2,3,0,10,3,1,0,0.882352941176471,0,0.294117647058824,0,0,2,0,2,0,4,1,0,0.352941176470588,0.176470588235294,0.352941176470588,0.529411764705882,0.823529411764706,1,0,3,2,4,10,3,1
"38","ghormach",24,0.875,0.875,0.125,4,4,0,8,3,1,0.791666666666667,0.875,0.458333333333333,0.625,0.5,0.25,0.416666666666667,0.0416666666666667,0,6,4,3,6,1,0,2,0,0,22,3,1,0.958333333333333,0.291666666666667,0.666666666666667,0.0416666666666667,6,3,4,0,4,10,4,1,0.25,0.0833333333333333,0.875,0.291666666666667,0.75,3,0,2,3,2,10,3,1,0.0833333333333333,0.541666666666667,0,0.416666666666667,0.0416666666666667,0.208333333333333,0.291666666666667,0.208333333333333,0,0.0833333333333333,0,4,0,1,0,0,3,0,0,0,8,1,0,0.25,0.0833333333333333,0.875,0.291666666666667,0.75,3,0,2,3,2,10,3,1,0.0416666666666667,0.25,0,0.166666666666667,0.666666666666667,0,0,0,0,2,2,1,0,0.125,0.5,0.0416666666666667,0.291666666666667,0.875,0,3,0,1,4,8,2,0
"39","giro",21,1,0.142857142857143,0,0,4,0,4,2,0,0.0952380952380952,0.142857142857143,0,0.0476190476190476,0,0.0476190476190476,0.142857142857143,0.19047619047619,0.19047619047619,0,0,0,0,0,0,0,0,0,0,1,0,0.952380952380952,0.0476190476190476,0.19047619047619,0.714285714285714,6,0,0,2,2,8,3,1,0,0.0476190476190476,1,0,0.0476190476190476,0,0,2,0,0,2,1,0,0,0,0.0952380952380952,0.619047619047619,0.238095238095238,0.476190476190476,0,0,0.0952380952380952,0.19047619047619,0,0,0,2,0,1,0,0,0,0,3,1,0,0,0.0476190476190476,1,0,0.0476190476190476,0,0,2,0,0,2,1,0,0,0.0952380952380952,0.0476190476190476,0.0952380952380952,0.952380952380952,0,0,0,0,4,4,1,0,0.142857142857143,0.285714285714286,0.0476190476190476,0.952380952380952,0.904761904761905,0,3,0,2,4,9,3,1
"40","gomal",35,0.914285714285714,0.0285714285714286,0.657142857142857,0,4,8,12,4,1,0.714285714285714,0.628571428571429,0.171428571428571,0.457142857142857,0.0571428571428571,0.4,0.457142857142857,0.0571428571428571,0.342857142857143,6,4,0,3,0,3,2,0,2,20,2,0,0.971428571428571,0.428571428571429,0.457142857142857,0.114285714285714,6,3,2,0,2,8,3,1,0.0571428571428571,0.514285714285714,0.742857142857143,0.0857142857142857,0,0,4,1,0,0,5,2,0,0.0285714285714286,0.2,0.2,0.485714285714286,0.228571428571429,0.257142857142857,0.485714285714286,0.285714285714286,0.171428571428571,0.628571428571429,0,2,0,1,0,1,3,1,0,2,10,2,0,0.0571428571428571,0.514285714285714,0.742857142857143,0.0857142857142857,0,0,4,1,0,0,5,2,0,0.314285714285714,0.514285714285714,0.114285714285714,0.0857142857142857,0.771428571428571,2,2,0,0,4,8,2,0,0.457142857142857,0.685714285714286,0,0.885714285714286,0.6,1,6,0,2,4,13,3,1
"41","hesarak",33,0.96969696969697,0.0909090909090909,0.848484848484849,0,4,8,12,4,1,0.96969696969697,1,0.787878787878788,0.96969696969697,0,0.575757575757576,0.666666666666667,0.545454545454545,0.272727272727273,6,4,6,6,0,6,4,2,2,36,4,1,0.393939393939394,0.0303030303030303,0.181818181818182,0.151515151515152,3,0,0,0,0,3,1,0,0,0.0303030303030303,0.909090909090909,0.0303030303030303,0.393939393939394,0,0,2,0,1,3,1,0,0.0303030303030303,0.181818181818182,0,0.424242424242424,0,0.424242424242424,0.151515151515152,0.212121212121212,0.242424242424242,0.181818181818182,0,2,0,1,0,1,0,0,0,0,4,1,0,0,0.0303030303030303,0.909090909090909,0.0303030303030303,0.393939393939394,0,0,2,0,1,3,1,0,0,0,0.0303030303030303,0.727272727272727,1,0,0,0,4,4,8,2,0,0.636363636363636,0.212121212121212,0.424242424242424,0.575757575757576,0.545454545454545,2,0,3,2,4,11,3,1
"42","imam_sahib",60,0.333333333333333,0.116666666666667,0.316666666666667,0,2,4,6,2,0,0.433333333333333,0.616666666666667,0.483333333333333,0.35,0.0333333333333333,0.483333333333333,0.483333333333333,0.416666666666667,0.15,3,4,3,3,0,3,2,1,0,19,2,0,0.933333333333333,0.616666666666667,0.333333333333333,0.05,6,6,2,0,6,12,4,1,0.1,0.0166666666666667,0.983333333333333,0.55,0.0833333333333333,0,0,2,6,0,8,2,0,0,0.5,0.1,0.3,0.0333333333333333,0.383333333333333,0.216666666666667,0.133333333333333,0.116666666666667,0.133333333333333,0,4,0,1,0,1,0,0,0,0,6,1,0,0.1,0.0166666666666667,0.983333333333333,0.55,0.0833333333333333,0,0,2,6,0,8,2,0,0.0166666666666667,0.466666666666667,0.0833333333333333,0.05,0.0666666666666667,0,1,0,0,0,1,1,0,0.25,0.5,0.0833333333333333,0.783333333333333,0.85,0,3,0,2,4,9,3,1
"43","jawand",72,0.958333333333333,0.861111111111111,0.319444444444444,4,4,4,12,4,1,0.930555555555556,0.833333333333333,0.847222222222222,0.458333333333333,0.902777777777778,0.222222222222222,0.583333333333333,0.125,0.347222222222222,6,4,6,3,2,0,4,0,2,27,3,1,0.958333333333333,0.458333333333333,0.25,0.222222222222222,6,3,0,0,0,6,2,0,0.291666666666667,0.444444444444444,0.958333333333333,0.138888888888889,0.0694444444444444,3,4,2,0,0,9,3,1,0,0.611111111111111,0.0138888888888889,0.152777777777778,0.0694444444444444,0.111111111111111,0.222222222222222,0.583333333333333,0.0138888888888889,0.0972222222222222,0,4,0,0,0,0,0,2,0,0,6,1,0,0.291666666666667,0.444444444444444,0.958333333333333,0.138888888888889,0.0694444444444444,3,4,2,0,0,9,3,1,0.805555555555556,0.180555555555556,0.0416666666666667,0.0694444444444444,0.638888888888889,4,0,0,0,2,6,2,0,0.263888888888889,0.583333333333333,0.125,0.708333333333333,0.958333333333333,1,6,0,2,4,13,3,1
"44","jorm",24,0.333333333333333,0.125,0.875,0,2,8,10,3,1,0.875,0.875,0.5,0.833333333333333,0,0.125,0.0833333333333333,0.166666666666667,0.0416666666666667,6,4,3,6,0,0,0,0,0,19,2,0,0.708333333333333,0.208333333333333,0.666666666666667,0.125,6,0,4,0,4,10,4,1,0.0833333333333333,0.0416666666666667,0.0833333333333333,0.25,0,0,0,0,0,0,0,1,0,0,0.125,0.666666666666667,0.291666666666667,0.416666666666667,0.458333333333333,0.166666666666667,0.791666666666667,0.416666666666667,0.291666666666667,0,0,4,1,2,1,0,2,2,1,13,2,0,0.0833333333333333,0.0416666666666667,0.0833333333333333,0.25,0,0,0,0,0,0,0,1,0,0,0.583333333333333,0.0833333333333333,0.25,0.625,0,2,0,0,2,4,1,0,0.458333333333333,0.291666666666667,0.125,0.25,0.583333333333333,1,3,0,0,4,8,2,0
"45","kakar",37,1,0.972972972972973,0.0540540540540541,4,4,0,8,3,1,0.972972972972973,1,0,1,0.135135135135135,0.027027027027027,0.108108108108108,0.108108108108108,0.027027027027027,6,4,0,6,0,0,0,0,0,16,2,0,1,0.0810810810810811,0.891891891891892,0.027027027027027,6,0,4,0,4,10,4,1,0.297297297297297,0.675675675675676,1,0.108108108108108,0.135135135135135,3,4,2,0,0,9,3,1,0,0.027027027027027,0,0.027027027027027,0,0.0810810810810811,0.0540540540540541,0.918918918918919,0,0,0,0,0,0,0,0,0,2,0,0,2,1,0,0.297297297297297,0.675675675675676,1,0.108108108108108,0.135135135135135,3,4,2,0,0,9,3,1,0,0.0540540540540541,0,0,0.027027027027027,0,0,0,0,0,0,1,0,0.162162162162162,0.945945945945946,0.027027027027027,1,1,0,6,0,2,4,12,3,1
"46","khak_e_safed",16,0.875,0.5625,0,4,4,0,8,3,1,0.9375,0.75,0.6875,0.75,0.125,0.375,0.5,0.1875,0.625,6,4,6,6,0,3,2,0,4,31,4,1,0.875,0.3125,0.5,0.125,6,3,2,0,2,8,3,1,0.0625,0.0625,0.9375,0.0625,0.9375,0,0,2,0,2,4,1,0,0.125,0.5625,0.1875,0.5625,0.3125,0.5625,0.1875,0.125,0,0.25,0,4,0,2,2,2,0,0,0,0,10,2,0,0.0625,0.0625,0.9375,0.0625,0.9375,0,0,2,0,2,4,1,0,0,0,0.125,0.625,1,0,0,0,4,4,8,2,0,0.4375,0.0625,0.6875,0.8125,1,1,0,6,2,4,13,3,1
"47","khakrez",36,0.944444444444444,0.944444444444444,0.111111111111111,4,4,0,8,3,1,0.666666666666667,0.75,0,0.694444444444444,0.777777777777778,0.111111111111111,0.138888888888889,0.0277777777777778,0.527777777777778,6,4,0,6,2,0,0,0,4,22,3,1,0.916666666666667,0.611111111111111,0.222222222222222,0.111111111111111,6,6,0,0,6,12,4,1,0,0.0833333333333333,0.972222222222222,0,0,0,0,2,0,0,2,1,0,0,0.166666666666667,0,0.361111111111111,0.0277777777777778,0.222222222222222,0.222222222222222,0.166666666666667,0,0.333333333333333,0,2,0,1,0,0,0,0,0,1,4,1,0,0,0.0833333333333333,0.972222222222222,0,0,0,0,2,0,0,2,1,0,0.25,0.25,0.0277777777777778,0.333333333333333,0.694444444444444,0,0,0,2,2,4,1,0,0.0833333333333333,0.888888888888889,0.0833333333333333,0.888888888888889,0.888888888888889,0,6,0,2,4,12,3,1
"48","khan_abad",28,0.821428571428571,0.178571428571429,0.714285714285714,0,4,8,12,4,1,0.571428571428571,0.642857142857143,0.0714285714285714,0.428571428571429,0,0.25,0.0714285714285714,0.178571428571429,0.142857142857143,6,4,0,3,0,0,0,0,0,13,2,0,0.964285714285714,0.142857142857143,0.678571428571429,0.178571428571429,6,0,4,0,4,10,4,1,0.178571428571429,0.107142857142857,0.75,0.107142857142857,0,3,0,1,0,0,4,1,0,0,0.107142857142857,0.25,0.357142857142857,0.0357142857142857,0.142857142857143,0.214285714285714,0.107142857142857,0.107142857142857,0.214285714285714,0,0,0,1,0,0,0,0,0,0,1,1,0,0.178571428571429,0.107142857142857,0.75,0.107142857142857,0,3,0,1,0,0,4,1,0,0,0.428571428571429,0.142857142857143,0.214285714285714,0.142857142857143,0,1,0,0,0,1,1,0,0.285714285714286,0.285714285714286,0.142857142857143,0.464285714285714,0.678571428571429,1,3,0,1,4,9,3,1
"49","khas_kunar",20,0.15,0,0,0,0,0,0,1,0,0.1,0.05,0.45,0.05,0,0.05,0.05,0,0.05,0,0,3,0,0,0,0,0,0,3,1,0,0.65,0.9,0.1,0,6,6,0,0,6,12,4,1,0.05,0.25,0,0.15,0.3,0,2,0,0,1,3,1,0,0.1,0.55,0.75,0.25,0.1,0.1,0.25,0.2,0,0.3,0,4,4,0,0,0,0,0,0,1,9,2,0,0.05,0.25,0,0.15,0.3,0,2,0,0,1,3,1,0,0,0.2,0,0.05,0.65,0,0,0,0,2,2,1,0,0.25,0.1,0.05,0.35,0.5,0,0,0,1,2,3,1,0
"50","khas_uruzgan",46,0.760869565217391,0.41304347826087,0.173913043478261,2,4,4,10,3,1,0.304347826086957,0.0869565217391304,0.195652173913043,0.347826086956522,0.260869565217391,0.217391304347826,0.0217391304347826,0,0.195652173913043,3,0,0,3,1,0,0,0,0,7,1,0,0.673913043478261,0.543478260869565,0.456521739130435,0,6,6,2,0,6,12,4,1,0,0.652173913043478,0.978260869565217,0.0869565217391304,0.0217391304347826,0,4,2,0,0,6,2,0,0.0434782608695652,0.0869565217391304,0.130434782608696,0.652173913043478,0.0869565217391304,0.347826086956522,0.152173913043478,0.239130434782609,0.0217391304347826,0.5,0,0,0,2,0,1,0,0,0,1,4,1,0,0,0.652173913043478,0.978260869565217,0.0869565217391304,0.0217391304347826,0,4,2,0,0,6,2,0,0.0869565217391304,0.173913043478261,0.0434782608695652,0.108695652173913,0.760869565217391,0,0,0,0,4,4,1,0,0.304347826086957,0.41304347826087,0.260869565217391,0.565217391304348,0.673913043478261,1,3,3,2,4,13,3,1
"51","khogyani",39,0.512820512820513,0.333333333333333,0.282051282051282,2,4,4,10,3,1,0.435897435897436,0.512820512820513,0.333333333333333,0.307692307692308,0.0256410256410256,0.307692307692308,0.384615384615385,0.256410256410256,0.358974358974359,3,4,3,3,0,3,2,1,2,21,3,1,0.743589743589744,0.435897435897436,0.230769230769231,0.333333333333333,6,3,0,1,1,7,3,1,0.384615384615385,0.256410256410256,0.102564102564103,0.0256410256410256,0.512820512820513,6,2,0,0,2,10,3,1,0,0.0512820512820513,0,0.41025641025641,0.0256410256410256,0.0769230769230769,0.0512820512820513,0.615384615384615,0.153846153846154,0.179487179487179,0,0,0,1,0,0,0,2,0,0,3,1,0,0.384615384615385,0.256410256410256,0.102564102564103,0.0256410256410256,0.512820512820513,6,2,0,0,2,10,3,1,0,0.0512820512820513,0,0.0769230769230769,0.897435897435897,0,0,0,0,4,4,1,0,0.102564102564103,0.846153846153846,0.0769230769230769,0.717948717948718,0.871794871794872,0,6,0,2,4,12,3,1
"52","khwaja_gahr",26,0.423076923076923,0.115384615384615,0.730769230769231,0,2,8,10,3,1,0.615384615384615,0.961538461538462,1,0.769230769230769,0,0.461538461538462,0.423076923076923,0.461538461538462,0.153846153846154,6,4,6,6,0,3,2,1,0,28,3,1,1,0,0.884615384615385,0.115384615384615,6,0,4,0,4,10,4,1,0.5,0,0.923076923076923,0.461538461538462,0,6,0,2,3,0,11,3,1,0,0.807692307692308,0.230769230769231,0.653846153846154,0.461538461538462,0.5,0.807692307692308,0.0384615384615385,0,0.269230769230769,0,4,0,2,2,1,6,0,0,1,16,2,0,0.5,0,0.923076923076923,0.461538461538462,0,6,0,2,3,0,11,3,1,0,0.346153846153846,0.0384615384615385,0.0769230769230769,0.0384615384615385,0,1,0,0,0,1,1,0,0.230769230769231,0.0769230769230769,0,0.153846153846154,0.961538461538462,0,0,0,0,4,4,1,0
"53","khwaja_sabz_posh",20,0.35,0.3,0.55,2,2,8,12,4,1,0.8,0.85,0.55,1,0.1,0.8,0.8,0.15,0.05,6,4,6,6,0,6,4,0,0,32,4,1,1,0.15,0.55,0.3,6,0,4,1,4,10,4,1,0.15,0,0.55,0.35,0.5,0,0,1,3,1,5,2,0,0,0.6,0.05,0.25,0,0.05,1,0,0.25,0.2,0,4,0,0,0,0,6,0,0,0,10,2,0,0.15,0,0.55,0.35,0.5,0,0,1,3,1,5,2,0,0,0.4,0.25,0.4,1,0,1,0,2,4,7,2,0,0.4,0.9,0.1,0.1,0.9,1,6,0,0,4,11,3,1
"54","kot",14,0.285714285714286,0.142857142857143,0,0,2,0,2,1,0,0,0.0714285714285714,0,0,0,0,0.0714285714285714,0.0714285714285714,0,0,0,0,0,0,0,0,0,0,0,1,0,1,0.285714285714286,0.357142857142857,0.357142857142857,6,3,2,1,2,8,3,1,0,0.142857142857143,0,0,0,0,0,0,0,0,0,1,0,0,0.5,0.857142857142857,0.0714285714285714,0.714285714285714,0.214285714285714,0,0.285714285714286,0.142857142857143,0.0714285714285714,0,4,4,0,4,0,0,1,0,0,13,2,0,0,0.142857142857143,0,0,0,0,0,0,0,0,0,1,0,0,0.142857142857143,0,0,1,0,0,0,0,4,4,1,0,0.357142857142857,0.428571428571429,0,0.142857142857143,0.357142857142857,1,3,0,0,2,6,2,0
"55","lashkargah",33,0.909090909090909,0,0.333333333333333,0,4,8,12,4,1,0.393939393939394,0.484848484848485,0.636363636363636,0.333333333333333,0,0.454545454545455,0.272727272727273,0.303030303030303,0.363636363636364,3,2,6,3,0,3,2,1,2,22,3,1,0.666666666666667,0.121212121212121,0.272727272727273,0.515151515151515,6,0,2,2,2,8,3,1,0.393939393939394,0.0909090909090909,0.818181818181818,0,0.121212121212121,6,0,2,0,0,8,2,0,0,0.151515151515152,0.0303030303030303,0.303030303030303,0.0606060606060606,0.363636363636364,0.303030303030303,0.0303030303030303,0,0.272727272727273,0,0,0,1,0,1,3,0,0,1,6,1,0,0.393939393939394,0.0909090909090909,0.818181818181818,0,0.121212121212121,6,0,2,0,0,8,2,0,0.0303030303030303,0,0,0.0606060606060606,0.181818181818182,0,0,0,0,0,0,1,0,0.121212121212121,0,0.333333333333333,0.757575757575758,0.515151515151515,0,0,3,2,4,9,3,1
"56","marawara",15,0.333333333333333,0.133333333333333,0.133333333333333,0,2,0,2,1,0,0.266666666666667,0.2,0.266666666666667,0.133333333333333,0,0.333333333333333,0.4,0.0666666666666667,0.133333333333333,3,0,3,0,0,3,2,0,0,11,2,0,1,0.333333333333333,0.2,0.4,6,3,0,1,1,7,3,1,0.266666666666667,0.133333333333333,0.4,0.2,0.2,3,0,0,0,0,3,1,0,0.266666666666667,0.4,0.6,0.333333333333333,0.333333333333333,0.333333333333333,0.2,0.133333333333333,0.333333333333333,0.133333333333333,4,4,4,1,2,1,0,0,2,0,18,2,0,0.266666666666667,0.133333333333333,0.4,0.2,0.2,3,0,0,0,0,3,1,0,0.0666666666666667,0.133333333333333,0,0.133333333333333,0.933333333333333,0,0,0,0,4,4,1,0,0.666666666666667,0.6,0,0.333333333333333,0.733333333333333,2,6,0,1,4,13,3,1
"57","maruf",77,1,0.987012987012987,0.038961038961039,4,4,0,8,3,1,0.844155844155844,0.74025974025974,0.0779220779220779,0.168831168831169,0,0.181818181818182,0.909090909090909,0.38961038961039,0.415584415584416,6,4,0,0,0,0,4,1,2,17,2,0,0.909090909090909,0.025974025974026,0.636363636363636,0.337662337662338,6,0,4,1,4,10,4,1,0.038961038961039,0.701298701298701,1,0.012987012987013,0.792207792207792,0,4,2,0,2,8,2,0,0,0.428571428571429,0.116883116883117,0.506493506493506,0,0.298701298701299,0.519480519480519,0.0909090909090909,0.116883116883117,0.324675324675325,0,4,0,2,0,1,6,0,0,1,14,2,0,0.038961038961039,0.701298701298701,1,0.012987012987013,0.792207792207792,0,4,2,0,2,8,2,0,0.038961038961039,0.116883116883117,0,0.025974025974026,0.974025974025974,0,0,0,0,4,4,1,0,0.337662337662338,0.922077922077922,0.025974025974026,0.909090909090909,0.961038961038961,1,6,0,2,4,13,3,1
"58","maywand",44,0.886363636363636,0.886363636363636,0,4,4,0,8,3,1,0.795454545454545,0.454545454545455,0.0227272727272727,0.340909090909091,0.386363636363636,0.409090909090909,0.681818181818182,0.0454545454545455,0.25,6,2,0,3,1,3,4,0,0,19,2,0,0.886363636363636,0.636363636363636,0.272727272727273,0.0909090909090909,6,6,2,0,6,12,4,1,0,0,0.954545454545455,0.0681818181818182,0.5,0,0,2,0,1,3,1,0,0,0.0909090909090909,0.227272727272727,0.636363636363636,0.340909090909091,0.522727272727273,0.159090909090909,0.659090909090909,0.181818181818182,0.545454545454545,0,0,0,2,2,2,0,2,0,2,10,2,0,0,0,0.954545454545455,0.0681818181818182,0.5,0,0,2,0,1,3,1,0,0,0.0227272727272727,0.0454545454545455,0.136363636363636,0.409090909090909,0,0,0,0,0,0,1,0,0.0909090909090909,0.931818181818182,0,0.886363636363636,0.840909090909091,0,6,0,2,4,12,3,1
"59","mohammad_agha",38,0.842105263157895,0.947368421052632,0.157894736842105,4,4,4,12,4,1,1,0.947368421052632,0.131578947368421,0.842105263157895,0,0.0263157894736842,0.0263157894736842,0.0263157894736842,0.657894736842105,6,4,0,6,0,0,0,0,4,20,2,0,0.842105263157895,0,0.210526315789474,0.736842105263158,6,0,0,2,2,8,3,1,0.0526315789473684,0.184210526315789,1,0,0.0263157894736842,0,2,2,0,0,4,1,0,0,0,0.131578947368421,0.289473684210526,0,0.0263157894736842,0,0.210526315789474,0.184210526315789,0.552631578947368,0,0,0,1,0,0,0,0,0,2,3,1,0,0.0526315789473684,0.184210526315789,1,0,0.0263157894736842,0,2,2,0,0,4,1,0,0,0.131578947368421,0.0789473684210526,0.0789473684210526,0.657894736842105,0,0,0,0,2,2,1,0,0,0.342105263157895,0.842105263157895,0.421052631578947,0.5,0,3,6,1,2,12,3,1
"60","muhmand_dara",17,0.470588235294118,0.235294117647059,0,0,2,0,2,1,0,0,0.0588235294117647,0,0.0588235294117647,0,0.117647058823529,0.0588235294117647,0.117647058823529,0,0,0,0,0,0,0,0,0,0,0,1,0,0.764705882352941,0.470588235294118,0.352941176470588,0.176470588235294,6,3,2,0,2,8,3,1,0,0,0,0.176470588235294,0.0588235294117647,0,0,0,0,0,0,1,0,0,0.411764705882353,0.235294117647059,0.588235294117647,0.352941176470588,0.529411764705882,0,0.0588235294117647,0,0,0,4,0,2,2,2,0,0,0,0,10,2,0,0,0,0,0.176470588235294,0.0588235294117647,0,0,0,0,0,0,1,0,0,0.235294117647059,0,0,0.823529411764706,0,0,0,0,4,4,1,0,0,0.235294117647059,0.0588235294117647,0.705882352941177,0.823529411764706,0,0,0,2,4,6,2,0
"61","muqur_badghis",12,0.583333333333333,0.0833333333333333,0.5,0,4,8,12,4,1,0.5,0.666666666666667,0,0.333333333333333,0.166666666666667,0.0833333333333333,0.25,0.166666666666667,0.0833333333333333,3,4,0,3,0,0,0,0,0,10,1,0,0.75,0,0.5,0.333333333333333,6,0,2,1,2,8,3,1,0.166666666666667,0.333333333333333,0.833333333333333,0.166666666666667,0,3,4,2,0,0,9,3,1,0.0833333333333333,0.0833333333333333,0,0.416666666666667,0,0,0,0,0.0833333333333333,0.333333333333333,0,0,0,1,0,0,0,0,0,1,2,1,0,0.166666666666667,0.333333333333333,0.833333333333333,0.166666666666667,0,3,4,2,0,0,9,3,1,0.0833333333333333,0.666666666666667,0,0,0.583333333333333,0,2,0,0,2,4,1,0,0.583333333333333,0.5,0.0833333333333333,0.666666666666667,0.5,2,3,0,2,2,9,3,1
"62","muqur_ghazni",29,0.827586206896552,0.206896551724138,0.275862068965517,0,4,4,8,3,1,0.482758620689655,0.344827586206897,0.241379310344828,0.241379310344828,0.0344827586206897,0.137931034482759,0.275862068965517,0,0.103448275862069,3,2,0,0,0,0,2,0,0,7,1,0,0.862068965517241,0.0344827586206897,0.206896551724138,0.620689655172414,6,0,0,2,2,8,3,1,0,0,0.758620689655172,0.206896551724138,0,0,0,2,0,0,2,1,0,0,0.206896551724138,0,0.206896551724138,0,0.0344827586206897,0.0344827586206897,0.0344827586206897,0,0,0,2,0,0,0,0,0,0,0,0,2,1,0,0,0,0.758620689655172,0.206896551724138,0,0,0,2,0,0,2,1,0,0,0.0344827586206897,0,0,0.586206896551724,0,0,0,0,2,2,1,0,0.275862068965517,0.0689655172413793,0.103448275862069,0.172413793103448,0.724137931034483,1,0,0,0,4,5,2,0
"63","musa_qala",27,1,0.962962962962963,0.185185185185185,4,4,4,12,4,1,0.62962962962963,0.555555555555556,0.962962962962963,1,0.962962962962963,1,0.037037037037037,0,0.962962962962963,6,4,6,6,2,6,0,0,4,34,4,1,0.962962962962963,0.037037037037037,0.851851851851852,0.111111111111111,6,0,4,0,4,10,4,1,0.037037037037037,0,0.037037037037037,0,0.814814814814815,0,0,0,0,2,2,1,0,0,0.851851851851852,0.111111111111111,0.888888888888889,0.148148148148148,0.851851851851852,0.037037037037037,0,0,0,0,4,0,2,0,2,0,0,0,0,8,1,0,0.037037037037037,0,0.037037037037037,0,0.814814814814815,0,0,0,0,2,2,1,0,0,0,0,0,0.962962962962963,0,0,0,0,4,4,1,0,0,0.925925925925926,0.296296296296296,0.962962962962963,0.555555555555556,0,6,3,2,4,15,4,1
"64","nad_e_ali",16,0.625,0.375,0.125,2,4,0,6,2,0,0.8125,0.5,0.6875,0.8125,0.5,0.5,0.125,0,0.0625,6,2,6,6,1,3,0,0,0,24,3,1,0.25,0.0625,0.8125,0.125,0,0,4,0,4,4,2,0,0.9375,0,1,0,0,6,0,2,0,0,8,2,0,0,0,0,0,0,0.0625,0,0.0625,0,0,0,0,0,0,0,0,0,0,0,0,0,1,0,0.9375,0,1,0,0,6,0,2,0,0,8,2,0,0,0.0625,0.0625,0.0625,0.6875,0,0,0,0,2,2,1,0,0.0625,0.125,0.25,0.875,0.625,0,0,0,2,4,6,2,0
"65","nahr_e_seraj",69,0.768115942028985,0.304347826086957,0.420289855072464,2,4,8,14,4,1,0.956521739130435,0.72463768115942,0.463768115942029,0.927536231884058,0.115942028985507,0.652173913043478,0.985507246376812,0.391304347826087,0.115942028985507,6,4,3,6,0,6,4,1,0,30,3,1,0.36231884057971,0.159420289855072,0.304347826086957,0.536231884057971,3,0,2,2,2,5,2,0,0.0144927536231884,0.188405797101449,0.782608695652174,0.101449275362319,0.115942028985507,0,2,2,0,0,4,1,0,0,0.0579710144927536,0,0.376811594202899,0.0144927536231884,0.608695652173913,0.246376811594203,0.0579710144927536,0.0144927536231884,0.304347826086957,0,0,0,1,0,2,0,0,0,1,4,1,0,0.0144927536231884,0.188405797101449,0.782608695652174,0.101449275362319,0.115942028985507,0,2,2,0,0,4,1,0,0,0.072463768115942,0,0.27536231884058,0.579710144927536,0,0,0,2,2,4,1,0,0.855072463768116,0,0.115942028985507,0.695652173913043,0.927536231884058,2,0,0,2,4,8,2,0
"66","nawzad",45,1,0.955555555555556,0.2,4,4,4,12,4,1,0.866666666666667,0.733333333333333,0.511111111111111,0.511111111111111,0.688888888888889,0.533333333333333,0.666666666666667,0.2,0.555555555555556,6,4,6,6,2,6,4,0,4,38,4,1,0.977777777777778,0.511111111111111,0.311111111111111,0.177777777777778,6,6,2,0,6,12,4,1,0.0666666666666667,0.266666666666667,1,0.0222222222222222,0.222222222222222,0,2,2,0,0,4,1,0,0,0.511111111111111,0,0.288888888888889,0,0.244444444444444,0.2,0.288888888888889,0.0444444444444444,0.155555555555556,0,4,0,1,0,0,0,1,0,0,6,1,0,0.0666666666666667,0.266666666666667,1,0.0222222222222222,0.222222222222222,0,2,2,0,0,4,1,0,0.111111111111111,0.133333333333333,0.0222222222222222,0.155555555555556,0.866666666666667,0,0,0,0,4,4,1,0,0.0444444444444444,0.577777777777778,0.2,1,0.755555555555556,0,6,0,2,4,12,3,1
"67","nesh",11,1,1,1,4,4,8,16,4,1,0.454545454545455,0.272727272727273,0.727272727272727,0,0.272727272727273,0.909090909090909,0.181818181818182,0,0.363636363636364,3,2,6,0,1,6,0,0,2,20,2,0,0.454545454545455,0.363636363636364,0.363636363636364,0.272727272727273,3,3,2,1,2,5,2,0,0.545454545454545,0.363636363636364,0.909090909090909,0,0.727272727272727,6,4,2,0,2,14,3,1,0,0.272727272727273,0,1,0,0.909090909090909,0,0.0909090909090909,0,0.909090909090909,0,2,0,2,0,2,0,0,0,2,8,1,0,0.545454545454545,0.363636363636364,0.909090909090909,0,0.727272727272727,6,4,2,0,2,14,3,1,0,0.0909090909090909,0.0909090909090909,0,0.545454545454545,0,0,0,0,2,2,1,0,0,0.818181818181818,0,0.454545454545455,0.818181818181818,0,6,0,1,4,11,3,1
"68","pasaband",49,0.857142857142857,0.591836734693878,0.755102040816326,4,4,8,16,4,1,0.897959183673469,0.836734693877551,0.755102040816326,0.63265306122449,0,0.653061224489796,0.73469387755102,0.612244897959184,0.224489795918367,6,4,6,6,0,6,4,2,0,34,4,1,0.877551020408163,0.0408163265306122,0.285714285714286,0.591836734693878,6,0,2,2,2,8,3,1,0.408163265306122,0.530612244897959,1,0.36734693877551,0.448979591836735,6,4,2,3,1,16,4,1,0,0.183673469387755,0.0816326530612245,0.755102040816326,0.122448979591837,0.693877551020408,0.0408163265306122,0.755102040816326,0.0204081632653061,0.469387755102041,0,2,0,2,0,2,0,2,0,1,9,2,0,0.408163265306122,0.530612244897959,1,0.36734693877551,0.448979591836735,6,4,2,3,1,16,4,1,0.0408163265306122,0.306122448979592,0,0.0204081632653061,0.918367346938776,0,1,0,0,4,5,2,0,0.510204081632653,0.795918367346939,0.183673469387755,0.918367346938776,0.816326530612245,2,6,0,2,4,14,3,1
"69","pashtun_kot",57,0.842105263157895,0.578947368421053,0.824561403508772,4,4,8,16,4,1,0.964912280701754,1,0.666666666666667,0.649122807017544,0.543859649122807,0.473684210526316,0.508771929824561,0.368421052631579,0.087719298245614,6,4,6,6,2,3,4,1,0,32,4,1,0.982456140350877,0.0701754385964912,0.421052631578947,0.491228070175439,6,0,2,1,2,8,3,1,0.280701754385965,0.192982456140351,0.929824561403509,0.087719298245614,0.631578947368421,3,2,2,0,2,9,3,1,0.0701754385964912,0.175438596491228,0.157894736842105,0.43859649122807,0.140350877192982,0.508771929824561,0.192982456140351,0.491228070175439,0.0526315789473684,0.263157894736842,0,2,0,1,0,2,0,1,0,1,7,1,0,0.280701754385965,0.192982456140351,0.929824561403509,0.087719298245614,0.631578947368421,3,2,2,0,2,9,3,1,0.12280701754386,0.859649122807018,0.0350877192982456,0.087719298245614,0.929824561403509,0,2,0,0,4,6,2,0,0.350877192982456,0.421052631578947,0.666666666666667,0.87719298245614,0.456140350877193,1,3,6,2,2,14,3,1
"70","pul_e_khumri",44,0.727272727272727,0,0.840909090909091,0,4,8,12,4,1,1,0.977272727272727,0.954545454545455,0.931818181818182,0,0.909090909090909,1,0.0227272727272727,0.363636363636364,6,4,6,6,0,6,4,0,2,34,4,1,0.931818181818182,0,0,0.954545454545455,6,0,0,2,2,8,3,1,0.272727272727273,0.136363636363636,0.659090909090909,0,0,3,0,1,0,0,4,1,0,0,0,0,0,0,0,0.909090909090909,0,0,0,0,0,0,0,0,0,6,0,0,0,6,1,0,0.272727272727273,0.136363636363636,0.659090909090909,0,0,3,0,1,0,0,4,1,0,0.386363636363636,0.227272727272727,0.0454545454545455,0.363636363636364,0.522727272727273,2,0,0,2,2,6,2,0,0.909090909090909,0.340909090909091,0.363636363636364,0.522727272727273,0.0227272727272727,2,3,3,2,0,10,3,1
"71","pur_chaman",63,0.825396825396825,0.412698412698413,0.555555555555556,2,4,8,14,4,1,0.73015873015873,0.984126984126984,0.380952380952381,0.349206349206349,0.158730158730159,0.111111111111111,0.126984126984127,0.111111111111111,0.301587301587302,6,4,3,3,0,0,0,0,2,18,2,0,0.73015873015873,0.126984126984127,0.317460317460317,0.238095238095238,6,0,2,0,2,8,3,1,0.142857142857143,0.793650793650794,0.714285714285714,0.238095238095238,0.174603174603175,0,4,1,0,0,5,2,0,0.0158730158730159,0.222222222222222,0.206349206349206,0.444444444444444,0.0793650793650794,0.507936507936508,0.46031746031746,0.111111111111111,0.174603174603175,0.142857142857143,0,2,0,1,0,2,3,0,0,0,8,1,0,0.142857142857143,0.793650793650794,0.714285714285714,0.238095238095238,0.174603174603175,0,4,1,0,0,5,2,0,0.253968253968254,0.46031746031746,0.0158730158730159,0.0476190476190476,0.825396825396825,0,1,0,0,4,5,2,0,0.0793650793650794,0.53968253968254,0.174603174603175,0.523809523809524,0.619047619047619,0,6,0,2,4,12,3,1
"72","pusht_rod",12,0.916666666666667,0.583333333333333,0.75,4,4,8,16,4,1,0.5,0.5,0.916666666666667,0.166666666666667,0,0,0.0833333333333333,0,0.333333333333333,3,2,6,0,0,0,0,0,2,13,2,0,0.916666666666667,0,0.0833333333333333,0.333333333333333,6,0,0,1,1,7,3,1,0,0,1,0,0.583333333333333,0,0,2,0,2,4,1,0,0,0,0,0,0,0,0.25,0.0833333333333333,0,0.166666666666667,0,0,0,0,0,0,0,0,0,0,0,1,0,0,0,1,0,0.583333333333333,0,0,2,0,2,4,1,0,0,0.166666666666667,0,0,1,0,0,0,0,4,4,1,0,0,0.833333333333333,0,0,0.916666666666667,0,6,0,0,4,10,3,1
"73","qaisar",43,0.697674418604651,0.325581395348837,0.906976744186046,2,4,8,14,4,1,0.744186046511628,0.953488372093023,0.674418604651163,0.488372093023256,0.0697674418604651,0.372093023255814,0.511627906976744,0.534883720930233,0.116279069767442,6,4,6,3,0,3,4,2,0,28,3,1,0.837209302325581,0.0232558139534884,0.186046511627907,0.767441860465116,6,0,0,2,2,8,3,1,0.13953488372093,0.116279069767442,0.976744186046512,0.186046511627907,0,0,0,2,0,0,2,1,0,0.0697674418604651,0.209302325581395,0.0697674418604651,0.395348837209302,0.27906976744186,0.465116279069767,0.13953488372093,0.441860465116279,0.13953488372093,0.325581395348837,0,2,0,1,2,1,0,1,0,1,8,1,0,0.13953488372093,0.116279069767442,0.976744186046512,0.186046511627907,0,0,0,2,0,0,2,1,0,0.0465116279069767,0.581395348837209,0.0697674418604651,0.13953488372093,0.255813953488372,0,2,0,0,0,2,1,0,0.372093023255814,0.27906976744186,0.488372093023256,0.255813953488372,0.441860465116279,1,3,3,1,2,10,3,1
"74","qala_e_zal",20,0,0,0.05,0,0,0,0,1,0,0.05,0.35,0.55,0.55,0,0,0,0,0.05,0,2,6,6,0,0,0,0,0,14,2,0,0.7,0,0,0.15,6,0,0,0,0,6,2,0,0,0,0.9,0,0,0,0,2,0,0,2,1,0,0,0,0.05,0.1,0,0.05,0.05,0.1,0.1,0.15,0,0,0,0,0,0,0,0,0,0,0,1,0,0,0,0.9,0,0,0,0,2,0,0,2,1,0,0,0.15,0,0.15,0.5,0,0,0,0,0,0,1,0,0.1,0.05,0.1,0.05,0.3,0,0,0,0,2,2,1,0
"75","qarabagh",79,0.556962025316456,0.253164556962025,0.417721518987342,0,4,8,12,4,1,0.658227848101266,0.620253164556962,0.126582278481013,0.367088607594937,0,0.481012658227848,0.481012658227848,0.240506329113924,0.443037974683544,6,4,0,3,0,3,2,0,2,20,2,0,0.683544303797468,0.0759493670886076,0.113924050632911,0.493670886075949,6,0,0,1,1,7,3,1,0,0.455696202531646,1,0.113924050632911,0.20253164556962,0,4,2,0,0,6,2,0,0.0126582278481013,0.10126582278481,0.0126582278481013,0.278481012658228,0.0253164556962025,0.189873417721519,0.164556962025316,0.291139240506329,0.0379746835443038,0.291139240506329,0,0,0,1,0,0,0,1,0,1,3,1,0,0,0.455696202531646,1,0.113924050632911,0.20253164556962,0,4,2,0,0,6,2,0,0,0.0126582278481013,0,0,0.784810126582278,0,0,0,0,4,4,1,0,0.240506329113924,0.177215189873418,0.0253164556962025,0.113924050632911,0.30379746835443,0,0,0,0,2,2,1,0
"76","raghestan",33,0.96969696969697,0.666666666666667,0.212121212121212,4,4,4,12,4,1,0.0909090909090909,0.666666666666667,0,0.606060606060606,0.0606060606060606,0.424242424242424,0.0303030303030303,0,0.0303030303030303,0,4,0,6,0,3,0,0,0,13,2,0,0.727272727272727,0.484848484848485,0.393939393939394,0.0909090909090909,6,3,2,0,2,8,3,1,0,0.0909090909090909,1,0.303030303030303,0.0303030303030303,0,0,2,3,0,5,2,0,0,0,0.0303030303030303,0.0606060606060606,0,0,0.818181818181818,0.0909090909090909,0,0.272727272727273,0,0,0,0,0,0,6,0,0,1,7,1,0,0,0.0909090909090909,1,0.303030303030303,0.0303030303030303,0,0,2,3,0,5,2,0,0,0.0606060606060606,0,0,0.636363636363636,0,0,0,0,2,2,1,0,0.0909090909090909,0.515151515151515,0.0606060606060606,0.606060606060606,1,0,6,0,2,4,12,3,1
"77","reg",20,1,1,0,4,4,0,8,3,1,0.1,0.7,0.1,0.05,0.65,0,0.05,0,0,0,4,0,0,2,0,0,0,0,6,1,0,1,0.7,0.2,0.1,6,6,0,0,6,12,4,1,0,0.95,1,0.15,1,0,4,2,0,2,8,2,0,0,0.55,0.1,0.7,0.35,0.55,0.05,0.05,0,0,0,4,0,2,2,2,0,0,0,0,10,2,0,0,0.95,1,0.15,1,0,4,2,0,2,8,2,0,1,0.65,0,0,1,4,2,0,0,4,10,3,1,0.1,1,0,1,0.9,0,6,0,2,4,12,3,1
"78","reg_i_khan_nishin",17,0.941176470588235,0.823529411764706,0.117647058823529,4,4,0,8,3,1,0.176470588235294,0.705882352941177,0.0588235294117647,0.0588235294117647,0.294117647058824,0.117647058823529,0.823529411764706,0.0588235294117647,0,0,4,0,0,1,0,4,0,0,9,1,0,0.823529411764706,0.176470588235294,0.588235294117647,0.235294117647059,6,0,4,0,4,10,4,1,0.588235294117647,0,1,0.176470588235294,0.470588235294118,6,0,2,0,1,9,3,1,0,0.235294117647059,0.176470588235294,0.294117647058824,0.176470588235294,0.352941176470588,0.176470588235294,0.117647058823529,0.235294117647059,0.0588235294117647,0,2,0,1,0,1,0,0,0,0,4,1,0,0.588235294117647,0,1,0.176470588235294,0.470588235294118,6,0,2,0,1,9,3,1,0,0,0.235294117647059,0.235294117647059,0.705882352941177,0,0,0,0,2,2,1,0,0,0.176470588235294,0.117647058823529,0.529411764705882,0.764705882352941,0,0,0,2,4,6,2,0
"79","rostaq",44,0.295454545454545,0.272727272727273,0.295454545454545,2,2,4,8,3,1,0.136363636363636,0.25,0,0.25,0,0.0227272727272727,0.0454545454545455,0.0454545454545455,0,0,0,0,0,0,0,0,0,0,0,1,0,0.863636363636364,0,0.318181818181818,0.681818181818182,6,0,2,2,2,8,3,1,0.295454545454545,0.204545454545455,1,0.272727272727273,0.0227272727272727,3,2,2,3,0,10,3,1,0,0.0227272727272727,0,0.386363636363636,0,0.0909090909090909,0,0.136363636363636,0,0,0,0,0,1,0,0,0,0,0,0,1,1,0,0.295454545454545,0.204545454545455,1,0.272727272727273,0.0227272727272727,3,2,2,3,0,10,3,1,0,0.0454545454545455,0,0.0454545454545455,0.0227272727272727,0,0,0,0,0,0,1,0,0.5,0.454545454545455,0.0454545454545455,0.704545454545455,0.545454545454545,1,3,0,2,4,10,3,1
"80","sabari",20,0.05,0,0,0,0,0,0,1,0,0.25,0.3,0,0,0.05,0.05,0.85,0.05,0.8,0,2,0,0,0,0,4,0,4,10,1,0,0.85,0,0,0.15,6,0,0,0,0,6,2,0,0,0.3,0.95,0.05,0,0,2,2,0,0,4,1,0,0,0,0,0,0,0,0,0,0,0,0,0,0,0,0,0,0,0,0,0,0,1,0,0,0.3,0.95,0.05,0,0,2,2,0,0,4,1,0,0,0,0,0,0.05,0,0,0,0,0,0,1,0,0,0,0,0,0.8,0,0,0,0,4,4,1,0
"81","sangin",27,1,0.777777777777778,0.777777777777778,4,4,8,16,4,1,0.851851851851852,0.888888888888889,0.296296296296296,0.925925925925926,0.222222222222222,0.851851851851852,0.851851851851852,0.592592592592593,0.851851851851852,6,4,3,6,0,6,4,2,4,35,4,1,0.814814814814815,0.148148148148148,0.592592592592593,0.259259259259259,6,0,4,1,4,10,4,1,0.518518518518518,0.037037037037037,1,0,0.037037037037037,6,0,2,0,0,8,2,0,0,0,0.259259259259259,0.481481481481481,0.037037037037037,0.481481481481481,0.111111111111111,0.592592592592593,0.259259259259259,0.222222222222222,0,0,2,1,0,1,0,2,2,0,8,1,0,0.518518518518518,0.037037037037037,1,0,0.037037037037037,6,0,2,0,0,8,2,0,0,0.0740740740740741,0.037037037037037,0.111111111111111,0.703703703703704,0,0,0,0,2,2,1,0,0.444444444444444,0.0740740740740741,0.592592592592593,0.777777777777778,0.037037037037037,1,0,6,2,0,9,3,1
"82","sarobi",30,0.933333333333333,0.666666666666667,0.0333333333333333,4,4,0,8,3,1,0.266666666666667,0.0666666666666667,0,0.1,0,0.0333333333333333,0.0333333333333333,0.0333333333333333,0,3,0,0,0,0,0,0,0,0,3,1,0,0.566666666666667,0.866666666666667,0.133333333333333,0,6,6,0,0,6,12,4,1,0,0.0333333333333333,1,0,0.833333333333333,0,0,2,0,2,4,1,0,0.0333333333333333,0.533333333333333,0.133333333333333,0.833333333333333,0.1,0.866666666666667,0.333333333333333,0.533333333333333,0.0333333333333333,0.9,0,4,0,2,0,2,3,2,0,2,15,2,0,0,0.0333333333333333,1,0,0.833333333333333,0,0,2,0,2,4,1,0,0,0.0666666666666667,0,0.133333333333333,0.966666666666667,0,0,0,0,4,4,1,0,0.1,0.666666666666667,0,0.833333333333333,0.866666666666667,0,6,0,2,4,12,3,1
"83","sayed_abad",30,0.966666666666667,0.1,0,0,4,0,4,2,0,0.766666666666667,0.933333333333333,0.3,0.5,0.1,0.3,0.266666666666667,0.166666666666667,0.4,6,4,3,3,0,3,2,0,2,23,3,1,0.6,0,0.2,0.7,6,0,0,2,2,8,3,1,0.1,0.3,0.0666666666666667,0.133333333333333,0.566666666666667,0,2,0,0,2,4,1,0,0,0.533333333333333,0.366666666666667,0.466666666666667,0.0333333333333333,0.133333333333333,0.333333333333333,0.3,0.0666666666666667,0.1,0,4,2,1,0,0,3,1,0,0,11,2,0,0.1,0.3,0.0666666666666667,0.133333333333333,0.566666666666667,0,2,0,0,2,4,1,0,0,0,0,0,0.766666666666667,0,0,0,0,4,4,1,0,0.1,0.0333333333333333,0.1,0,0.533333333333333,0,0,0,0,4,4,1,0
"84","shah_joi",43,1,0.813953488372093,0.209302325581395,4,4,4,12,4,1,1,1,0.953488372093023,0.883720930232558,0.604651162790698,0.511627906976744,0.488372093023256,0.0465116279069767,0.0697674418604651,6,4,6,6,2,6,2,0,0,32,4,1,1,0.0232558139534884,0.697674418604651,0.255813953488372,6,0,4,1,4,10,4,1,0.209302325581395,0.27906976744186,1,0,0.0930232558139535,3,2,2,0,0,7,2,0,0,0,0,0.209302325581395,0,0.0232558139534884,0.930232558139535,0.0697674418604651,0,0,0,0,0,0,0,0,6,0,0,0,6,1,0,0.209302325581395,0.27906976744186,1,0,0.0930232558139535,3,2,2,0,0,7,2,0,0,0.0232558139534884,0,0.0232558139534884,0.953488372093023,0,0,0,0,4,4,1,0,0.767441860465116,0.0232558139534884,0.13953488372093,0.86046511627907,0.720930232558139,2,0,0,2,4,8,2,0
"85","shah_wali_kot",56,1,0.875,0.25,4,4,4,12,4,1,0.625,1,0.589285714285714,0.607142857142857,0.0357142857142857,0.875,0.5,0.107142857142857,0.142857142857143,6,4,6,6,0,6,2,0,0,30,3,1,0.678571428571429,0.339285714285714,0.375,0.285714285714286,6,3,2,1,2,8,3,1,0,0.357142857142857,0.660714285714286,0.428571428571429,0.0892857142857143,0,4,1,3,0,8,2,0,0.0714285714285714,0.232142857142857,0.0357142857142857,0.642857142857143,0.0178571428571429,0.5,0.482142857142857,0.125,0.196428571428571,0.482142857142857,0,2,0,2,0,1,3,0,0,1,9,2,0,0,0.357142857142857,0.660714285714286,0.428571428571429,0.0892857142857143,0,4,1,3,0,8,2,0,0.0892857142857143,0.589285714285714,0.125,0.410714285714286,0.482142857142857,0,2,0,2,0,4,1,0,0.589285714285714,0.392857142857143,0.589285714285714,0.678571428571429,0.696428571428571,2,3,6,2,4,17,4,1
"86","shahid_e_hassas",19,0.578947368421053,0.263157894736842,0.473684210526316,2,4,8,14,4,1,0.210526315789474,0.157894736842105,0.157894736842105,0.894736842105263,0,0.684210526315789,0.578947368421053,0.210526315789474,0.578947368421053,0,0,0,6,0,6,4,0,4,20,2,0,0.578947368421053,0.210526315789474,0.263157894736842,0.526315789473684,6,0,2,2,2,8,3,1,0.105263157894737,0,1,0.157894736842105,0.526315789473684,0,0,2,0,2,4,1,0,0,0.578947368421053,0,0.684210526315789,0,0.578947368421053,0.263157894736842,0.157894736842105,0.105263157894737,0.736842105263158,0,4,0,2,0,2,3,0,0,2,13,2,0,0.105263157894737,0,1,0.157894736842105,0.526315789473684,0,0,2,0,2,4,1,0,0,0.789473684210526,0.210526315789474,0.684210526315789,0.368421052631579,0,2,0,4,0,6,2,0,0.210526315789474,0.263157894736842,0.894736842105263,0.578947368421053,0.210526315789474,0,3,6,2,0,11,3,1
"87","sheltan",9,0.555555555555556,0.333333333333333,0.333333333333333,2,4,8,14,4,1,0.333333333333333,0.444444444444444,0.222222222222222,0.555555555555556,0,0.666666666666667,0.666666666666667,0,0.222222222222222,3,2,0,6,0,6,4,0,0,21,3,1,0.888888888888889,0.111111111111111,0.111111111111111,0.777777777777778,6,0,0,2,2,8,3,1,0,0.555555555555556,0,0.333333333333333,0,0,4,0,3,0,7,2,0,0,0.333333333333333,0.333333333333333,0.444444444444444,0.333333333333333,0.333333333333333,0.555555555555556,0.333333333333333,0.111111111111111,0.333333333333333,0,4,2,1,2,1,6,1,0,1,18,2,0,0,0.555555555555556,0,0.333333333333333,0,0,4,0,3,0,7,2,0,0.111111111111111,0.111111111111111,0,0.222222222222222,1,0,0,0,0,4,4,1,0,0.888888888888889,0.111111111111111,0,0.888888888888889,0.777777777777778,2,0,0,2,4,8,2,0
"88","sher_zad",31,0.612903225806452,0.32258064516129,0.612903225806452,2,4,8,14,4,1,0.935483870967742,0.903225806451613,0,0.806451612903226,0,0.870967741935484,0.870967741935484,0.838709677419355,0.903225806451613,6,4,0,6,0,6,4,2,4,32,4,1,0.806451612903226,0.0967741935483871,0.354838709677419,0.548387096774194,6,0,2,2,2,8,3,1,0.258064516129032,0.225806451612903,1,0,0,3,2,2,0,0,7,2,0,0,0.354838709677419,0.193548387096774,0.548387096774194,0.0645161290322581,0.612903225806452,0.67741935483871,0.258064516129032,0.580645161290323,0.290322580645161,0,4,0,2,0,2,6,1,4,1,20,3,1,0.258064516129032,0.225806451612903,1,0,0,3,2,2,0,0,7,2,0,0,0,0.161290322580645,0.451612903225806,0.903225806451613,0,0,0,2,4,6,2,0,0.290322580645161,0.580645161290323,0.645161290322581,0.870967741935484,0.741935483870968,1,6,6,2,4,19,4,1
"89","shigal",27,0.37037037037037,0.222222222222222,0.037037037037037,0,2,0,2,1,0,0.111111111111111,0.444444444444444,0.037037037037037,0,0,0,0,0,0.148148148148148,0,2,0,0,0,0,0,0,0,2,1,0,0.851851851851852,0,0.185185185185185,0.814814814814815,6,0,0,2,2,8,3,1,0.037037037037037,0,0,0.0740740740740741,0.333333333333333,0,0,0,0,1,1,1,0,0,0.148148148148148,0,0.777777777777778,0.037037037037037,0.333333333333333,0,0,0,0.037037037037037,0,0,0,2,0,1,0,0,0,0,3,1,0,0.037037037037037,0,0,0.0740740740740741,0.333333333333333,0,0,0,0,1,1,1,0,0,0.0740740740740741,0,0,1,0,0,0,0,4,4,1,0,0.0740740740740741,0.740740740740741,0,0.37037037037037,0.592592592592593,0,6,0,1,4,11,3,1
"90","shindand",17,0.352941176470588,0.294117647058824,0.882352941176471,2,2,8,12,4,1,0.764705882352941,0.764705882352941,0.117647058823529,0.705882352941177,0,0.0588235294117647,0.0588235294117647,0.0588235294117647,0.823529411764706,6,4,0,6,0,0,0,0,4,20,2,0,1,0.470588235294118,0.470588235294118,0.0588235294117647,6,3,2,0,2,8,3,1,0,0.941176470588235,1,0,0,0,4,2,0,0,6,2,0,0,0.588235294117647,0.117647058823529,0.764705882352941,0.0588235294117647,0.764705882352941,0.647058823529412,0.294117647058824,0.117647058823529,0.823529411764706,0,4,0,2,0,2,6,1,0,2,17,2,0,0,0.941176470588235,1,0,0,0,4,2,0,0,6,2,0,0,0.0588235294117647,0,0.235294117647059,0.588235294117647,0,0,0,0,2,2,1,0,0.529411764705882,0.294117647058824,0,0.235294117647059,0.941176470588235,2,3,0,0,4,9,3,1
"91","shirin_tagab",23,0.91304347826087,0.565217391304348,0.782608695652174,4,4,8,16,4,1,0.91304347826087,0.91304347826087,1,0.956521739130435,0,0.869565217391304,0.869565217391304,0.826086956521739,0.91304347826087,6,4,6,6,0,6,4,2,4,38,4,1,0.91304347826087,0.304347826086957,0,0.695652173913043,6,3,0,2,2,8,3,1,0.0434782608695652,0.478260869565217,1,0.0434782608695652,0,0,4,2,0,0,6,2,0,0,0.0434782608695652,0,0.173913043478261,0,0,0.347826086956522,0.652173913043478,0,0.0434782608695652,0,0,0,0,0,0,3,2,0,0,5,1,0,0.0434782608695652,0.478260869565217,1,0.0434782608695652,0,0,4,2,0,0,6,2,0,0,0.217391304347826,0.391304347826087,0.304347826086957,0.217391304347826,0,0,3,2,0,5,2,0,0.91304347826087,0.478260869565217,0.434782608695652,0.0869565217391304,0.739130434782609,2,3,3,0,4,12,3,1
"92","sozmaqala",51,0.647058823529412,0.0588235294117647,0.392156862745098,0,4,8,12,4,1,0.92156862745098,0.941176470588235,0.588235294117647,0.745098039215686,0,0.196078431372549,0.411764705882353,0.823529411764706,0,6,4,6,6,0,0,2,2,0,26,3,1,0.215686274509804,0,0.549019607843137,0.450980392156863,0,0,4,1,4,4,2,0,0.215686274509804,0.117647058823529,0.431372549019608,0.490196078431373,0,3,0,0,3,0,6,2,0,0,0.0196078431372549,0,0.568627450980392,0,0.372549019607843,0.627450980392157,0.0784313725490196,0.0196078431372549,0.0588235294117647,0,0,0,2,0,1,6,0,0,0,9,2,0,0.215686274509804,0.117647058823529,0.431372549019608,0.490196078431373,0,3,0,0,3,0,6,2,0,0,0,0.0196078431372549,0.117647058823529,0.803921568627451,0,0,0,0,4,4,1,0,0.549019607843137,0.0588235294117647,0,0.215686274509804,0.0980392156862745,2,0,0,0,0,2,1,0
"93","surkh_rod",41,0.146341463414634,0.0487804878048781,0.268292682926829,0,0,4,4,2,0,0.51219512195122,0.536585365853659,0.0975609756097561,0.121951219512195,0.024390243902439,0.0975609756097561,0,0.0731707317073171,0,6,4,0,0,0,0,0,0,0,10,1,0,0.634146341463415,0.536585365853659,0.414634146341463,0.0487804878048781,6,6,2,0,6,12,4,1,0,0.0487804878048781,0.926829268292683,0,0,0,0,2,0,0,2,1,0,0,0,0.146341463414634,0.731707317073171,0.268292682926829,0.609756097560976,0.146341463414634,0.024390243902439,0.170731707317073,0.024390243902439,0,0,0,2,2,2,0,0,0,0,6,1,0,0,0.0487804878048781,0.926829268292683,0,0,0,0,2,0,0,2,1,0,0.0975609756097561,0.195121951219512,0,0,0.951219512195122,0,0,0,0,4,4,1,0,0,0.341463414634146,0.024390243902439,0.170731707317073,0.341463414634146,0,3,0,0,2,5,2,0
"94","tirinkot",29,0.96551724137931,0.724137931034483,0.379310344827586,4,4,8,16,4,1,0.862068965517241,0.96551724137931,1,0.931034482758621,0,0.827586206896552,0.862068965517241,0.862068965517241,0,6,4,6,6,0,6,4,2,0,34,4,1,0.724137931034483,0,0,0.96551724137931,6,0,0,2,2,8,3,1,0,0.103448275862069,1,0.413793103448276,0.620689655172414,0,0,2,3,2,7,2,0,0,0.517241379310345,0,0.896551724137931,0,0.896551724137931,0.206896551724138,0.724137931034483,0,0.931034482758621,0,4,0,2,0,2,0,2,0,2,12,2,0,0,0.103448275862069,1,0.413793103448276,0.620689655172414,0,0,2,3,2,7,2,0,0,1,0,0.896551724137931,0.655172413793103,0,2,0,4,2,8,2,0,0.103448275862069,0.620689655172414,0.931034482758621,0.827586206896552,0.724137931034483,0,6,6,2,4,18,4,1
"95","urgun",32,0.1875,0,0,0,0,0,0,1,0,0.6875,0.8125,0.03125,0.59375,0,0.3125,0.15625,0.09375,0.3125,6,4,0,6,0,3,0,0,2,21,3,1,0.875,0.03125,0.375,0.53125,6,0,2,2,2,8,3,1,0,0.03125,1,0.0625,0,0,0,2,0,0,2,1,0,0,0.0625,0,0.15625,0,0.21875,0.6875,0.28125,0.0625,0.21875,0,0,0,0,0,0,6,1,0,0,7,1,0,0,0.03125,1,0.0625,0,0,0,2,0,0,2,1,0,0,0.03125,0,0.125,0.0625,0,0,0,0,0,0,1,0,0,0.5625,0.0625,0.25,0.5,0,6,0,0,2,8,2,0
"96","waghaz",21,0.857142857142857,0.428571428571429,0.0952380952380952,2,4,0,6,2,0,0.285714285714286,0.238095238095238,0.0476190476190476,0.19047619047619,0,0.285714285714286,0.428571428571429,0,0.142857142857143,3,0,0,0,0,3,2,0,0,8,1,0,1,0.285714285714286,0.285714285714286,0.285714285714286,6,3,2,1,2,8,3,1,0,0,0.380952380952381,0,0.428571428571429,0,0,0,0,1,1,1,0,0.19047619047619,0.333333333333333,0.523809523809524,0.19047619047619,0.380952380952381,0.285714285714286,0.0476190476190476,0,0.0476190476190476,0,4,4,4,0,2,1,0,0,0,0,15,2,0,0,0,0.380952380952381,0,0.428571428571429,0,0,0,0,1,1,1,0,0,0,0,0.0476190476190476,1,0,0,0,0,4,4,1,0,0.0952380952380952,0.19047619047619,0,0.19047619047619,0.904761904761905,0,0,0,0,4,4,1,0
"97","wal_e_muhammad_e_shahid",18,0.888888888888889,0,0.5,0,4,8,12,4,1,0.277777777777778,0.166666666666667,0,0.555555555555556,0,0.0555555555555556,0.166666666666667,0.0555555555555556,0,3,0,0,6,0,0,0,0,0,9,1,0,0.833333333333333,0.277777777777778,0.5,0.222222222222222,6,3,2,0,2,8,3,1,0,0.0555555555555556,1,0.0555555555555556,0.0555555555555556,0,0,2,0,0,2,1,0,0.111111111111111,0.111111111111111,0.222222222222222,0.5,0,0.222222222222222,0.555555555555556,0.444444444444444,0.0555555555555556,0.166666666666667,0,0,0,1,0,0,6,1,0,0,8,1,0,0,0.0555555555555556,1,0.0555555555555556,0.0555555555555556,0,0,2,0,0,2,1,0,0,0.111111111111111,0,0,1,0,0,0,0,4,4,1,0,0.5,0,0.277777777777778,0,0.333333333333333,1,0,3,0,2,6,2,0
"98","watapur",24,0.416666666666667,0.125,0.375,0,2,8,10,3,1,0.875,0.5,0.583333333333333,0.125,0,0,0,0,0.791666666666667,6,2,6,0,0,0,0,0,4,18,2,0,0.958333333333333,0.666666666666667,0.166666666666667,0.166666666666667,6,6,0,0,6,12,4,1,0.0416666666666667,0.208333333333333,1,0.125,0.0833333333333333,0,2,2,0,0,4,1,0,0,0.875,0.583333333333333,0.25,0.333333333333333,0.375,0.291666666666667,0.375,0.5,0.208333333333333,0,4,4,0,2,1,3,1,2,0,17,2,0,0.0416666666666667,0.208333333333333,1,0.125,0.0833333333333333,0,2,2,0,0,4,1,0,0,0.125,0,0.0416666666666667,0.958333333333333,0,0,0,0,4,4,1,0,0.666666666666667,0.916666666666667,0,0.791666666666667,0.708333333333333,2,6,0,2,4,14,3,1
"99","zheray",23,0.739130434782609,0.695652173913043,0.217391304347826,4,4,4,12,4,1,0.521739130434783,1,0.0869565217391304,0.173913043478261,0.0434782608695652,0.608695652173913,0.652173913043478,0.173913043478261,0,6,4,0,0,0,6,4,0,0,20,2,0,1,0,0.304347826086957,0.695652173913043,6,0,2,2,2,8,3,1,0.217391304347826,0.0869565217391304,0.695652173913043,0.217391304347826,0.0869565217391304,3,0,1,0,0,4,1,0,0,0.782608695652174,0,0.739130434782609,0,0.782608695652174,0.0434782608695652,0.0434782608695652,0,0.260869565217391,0,4,0,2,0,2,0,0,0,1,9,2,0,0.217391304347826,0.0869565217391304,0.695652173913043,0.217391304347826,0.0869565217391304,3,0,1,0,0,4,1,0,0.391304347826087,0.260869565217391,0,0,0.695652173913043,2,1,0,0,2,5,2,0,0,0.130434782608696,0.260869565217391,0.521739130434783,1,0,0,3,2,4,9,3,1
"100","zurmat",42,0.952380952380952,0.0476190476190476,0.0714285714285714,0,4,0,4,2,0,0.738095238095238,0.80952380952381,0.738095238095238,0.761904761904762,0.0238095238095238,0.880952380952381,0.69047619047619,0.0238095238095238,0.619047619047619,6,4,6,6,0,6,4,0,4,36,4,1,0.880952380952381,0.0476190476190476,0.428571428571429,0.5,6,0,2,1,2,8,3,1,0,0.0714285714285714,0.285714285714286,0.404761904761905,0.30952380952381,0,0,0,3,1,4,1,0,0,0.380952380952381,0.19047619047619,0.571428571428571,0.0714285714285714,0.214285714285714,0.0238095238095238,0.238095238095238,0,0.285714285714286,0,4,0,2,0,0,0,0,0,1,7,1,0,0,0.0714285714285714,0.285714285714286,0.404761904761905,0.30952380952381,0,0,0,3,1,4,1,0,0.0238095238095238,0.0476190476190476,0,0.0714285714285714,0.857142857142857,0,0,0,0,4,4,1,0,0.166666666666667,0.238095238095238,0.0238095238095238,0.619047619047619,0.5,0,0,0,2,2,4,1,0
